CREATE TABLE regions (
    region_id SERIAL PRIMARY KEY,
    region_name VARCHAR(255) NOT NULL
);

CREATE TABLE hotels (
    hotel_id SERIAL PRIMARY KEY,
    region_id INTEGER NOT NULL REFERENCES regions(region_id),
    hotel_name VARCHAR(255) NOT NULL,
    city VARCHAR(255) NOT NULL,
    rating NUMERIC
);

CREATE TABLE rooms (
    room_id SERIAL PRIMARY KEY,
    hotel_id INTEGER NOT NULL REFERENCES hotels(hotel_id),
    room_type VARCHAR(255) NOT NULL,
    base_price NUMERIC NOT NULL,
    is_available BOOLEAN DEFAULT TRUE
);

CREATE TABLE guests (
    guest_id SERIAL PRIMARY KEY,
    guest_name VARCHAR(255) NOT NULL,
    nationality VARCHAR(100) NOT NULL,
    email VARCHAR(255),
    phone VARCHAR(50)
);

CREATE TABLE bookings (
    booking_id SERIAL PRIMARY KEY,
    room_id INTEGER NOT NULL REFERENCES rooms(room_id),
    guest_id INTEGER NOT NULL REFERENCES guests(guest_id),
    check_in DATE NOT NULL,
    check_out DATE NOT NULL,
    total_price NUMERIC NOT NULL,
    booking_status VARCHAR(50) DEFAULT 'Confirmed'
);

CREATE TABLE payments (
    payment_id SERIAL PRIMARY KEY,
    booking_id INTEGER NOT NULL REFERENCES bookings(booking_id),
    amount NUMERIC NOT NULL,
    payment_date DATE NOT NULL,
    payment_method VARCHAR(100)
);

CREATE TABLE staff (
    staff_id SERIAL PRIMARY KEY,
    staff_name VARCHAR(255) NOT NULL,
    position VARCHAR(100) NOT NULL,
    hire_date DATE NOT NULL
);

CREATE TABLE hotel_staff (
    hotel_id INTEGER NOT NULL REFERENCES hotels(hotel_id),
    staff_id INTEGER NOT NULL REFERENCES staff(staff_id),
    PRIMARY KEY (hotel_id, staff_id)
);

CREATE TABLE services (
    service_id SERIAL PRIMARY KEY,
    service_name VARCHAR(255) NOT NULL,
    cost NUMERIC
);

CREATE TABLE room_services (
    room_id INTEGER NOT NULL REFERENCES rooms(room_id),
    service_id INTEGER NOT NULL REFERENCES services(service_id),
    PRIMARY KEY (room_id, service_id)
);

CREATE TABLE reviews (
    review_id SERIAL PRIMARY KEY,
    guest_id INTEGER NOT NULL REFERENCES guests(guest_id),
    hotel_id INTEGER NOT NULL REFERENCES hotels(hotel_id),
    rating INTEGER,
    comment TEXT,
    review_date DATE NOT NULL
);


INSERT INTO regions (region_id, region_name) VALUES
(4, 'Region 1'),
(5, 'Region 2'),
(6, 'Region 3'),
(7, 'Region 4'),
(8, 'Region 5'),
(9, 'Region 6'),
(10, 'Region 7'),
(11, 'Region 8'),
(12, 'Region 9'),
(13, 'Region 10'),
(14, 'Region 11'),
(15, 'Region 12'),
(16, 'Region 13'),
(17, 'Region 14'),
(18, 'Region 15'),
(19, 'Region 16'),
(20, 'Region 17'),
(21, 'Region 18'),
(22, 'Region 19'),
(23, 'Region 20'),
(24, 'Region 21'),
(25, 'Region 22'),
(26, 'Region 23'),
(27, 'Region 24'),
(28, 'Region 25'),
(29, 'Region 26'),
(30, 'Region 27'),
(31, 'Region 28'),
(32, 'Region 29'),
(33, 'Region 30'),
(34, 'Region 31'),
(35, 'Region 32'),
(36, 'Region 33'),
(37, 'Region 34'),
(38, 'Region 35'),
(39, 'Region 36'),
(40, 'Region 37'),
(41, 'Region 38'),
(42, 'Region 39'),
(43, 'Region 40'),
(44, 'Region 41'),
(45, 'Region 42'),
(46, 'Region 43'),
(47, 'Region 44'),
(48, 'Region 45'),
(49, 'Region 46'),
(50, 'Region 47'),
(51, 'Region 48'),
(52, 'Region 49'),
(53, 'Region 50'),
(54, 'Region 51'),
(55, 'Region 52'),
(56, 'Region 53'),
(57, 'Region 54'),
(58, 'Region 55'),
(59, 'Region 56'),
(60, 'Region 57'),
(61, 'Region 58'),
(62, 'Region 59'),
(63, 'Region 60'),
(64, 'Region 61'),
(65, 'Region 62'),
(66, 'Region 63'),
(67, 'Region 64'),
(68, 'Region 65'),
(69, 'Region 66'),
(70, 'Region 67'),
(71, 'Region 68'),
(72, 'Region 69'),
(73, 'Region 70'),
(74, 'Region 71'),
(75, 'Region 72'),
(76, 'Region 73'),
(77, 'Region 74'),
(78, 'Region 75'),
(79, 'Region 76'),
(80, 'Region 77'),
(81, 'Region 78'),
(82, 'Region 79'),
(83, 'Region 80'),
(84, 'Region 81'),
(85, 'Region 82'),
(86, 'Region 83'),
(87, 'Region 84'),
(88, 'Region 85'),
(89, 'Region 86'),
(90, 'Region 87'),
(91, 'Region 88'),
(92, 'Region 89'),
(93, 'Region 90'),
(94, 'Region 91'),
(95, 'Region 92'),
(96, 'Region 93'),
(97, 'Region 94'),
(98, 'Region 95'),
(99, 'Region 96'),
(100, 'Region 97'),
(101, 'Region 98'),
(102, 'Region 99'),
(103, 'Region 100');

INSERT INTO hotels (hotel_id, region_id, hotel_name, city, rating) VALUES
(303, 3, 'Hotel 1', 'City 1', 3.9),
(304, 3, 'Hotel 2', 'City 2', 3.0),
(305, 1, 'Hotel 3', 'City 3', 4.7),
(306, 1, 'Hotel 4', 'City 4', 3.8),
(307, 1, 'Hotel 5', 'City 5', 3.7),
(308, 2, 'Hotel 6', 'City 6', 4.0),
(309, 2, 'Hotel 7', 'City 7', 3.9),
(310, 2, 'Hotel 8', 'City 8', 3.4),
(311, 1, 'Hotel 9', 'City 9', 3.6),
(312, 1, 'Hotel 10', 'City 10', 3.9),
(313, 2, 'Hotel 11', 'City 11', 3.7),
(314, 1, 'Hotel 12', 'City 12', 3.9),
(315, 3, 'Hotel 13', 'City 13', 3.5),
(316, 1, 'Hotel 14', 'City 14', 3.3),
(317, 1, 'Hotel 15', 'City 15', 4.3),
(318, 3, 'Hotel 16', 'City 16', 4.8),
(319, 2, 'Hotel 17', 'City 17', 3.8),
(320, 3, 'Hotel 18', 'City 18', 3.2),
(321, 2, 'Hotel 19', 'City 19', 3.6),
(322, 3, 'Hotel 20', 'City 20', 3.3),
(323, 1, 'Hotel 21', 'City 21', 3.8),
(324, 1, 'Hotel 22', 'City 22', 4.9),
(325, 3, 'Hotel 23', 'City 23', 4.6),
(326, 2, 'Hotel 24', 'City 24', 3.1),
(327, 1, 'Hotel 25', 'City 25', 3.3),
(328, 2, 'Hotel 26', 'City 26', 3.9),
(329, 3, 'Hotel 27', 'City 27', 4.5),
(330, 1, 'Hotel 28', 'City 28', 4.0),
(331, 1, 'Hotel 29', 'City 29', 3.2),
(332, 1, 'Hotel 30', 'City 30', 3.6),
(333, 3, 'Hotel 31', 'City 31', 3.5),
(334, 3, 'Hotel 32', 'City 32', 4.7),
(335, 2, 'Hotel 33', 'City 33', 4.4),
(336, 3, 'Hotel 34', 'City 34', 3.1),
(337, 3, 'Hotel 35', 'City 35', 4.0),
(338, 2, 'Hotel 36', 'City 36', 5.0),
(339, 3, 'Hotel 37', 'City 37', 3.8),
(340, 2, 'Hotel 38', 'City 38', 4.0),
(341, 2, 'Hotel 39', 'City 39', 3.5),
(342, 3, 'Hotel 40', 'City 40', 3.3),
(343, 2, 'Hotel 41', 'City 41', 3.7),
(344, 2, 'Hotel 42', 'City 42', 3.3),
(345, 1, 'Hotel 43', 'City 43', 4.0),
(346, 1, 'Hotel 44', 'City 44', 3.9),
(347, 3, 'Hotel 45', 'City 45', 3.1),
(348, 2, 'Hotel 46', 'City 46', 3.5),
(349, 1, 'Hotel 47', 'City 47', 4.4),
(350, 3, 'Hotel 48', 'City 48', 4.8),
(351, 1, 'Hotel 49', 'City 49', 4.1),
(352, 3, 'Hotel 50', 'City 50', 3.6),
(353, 2, 'Hotel 51', 'City 51', 4.8),
(354, 3, 'Hotel 52', 'City 52', 3.5),
(355, 3, 'Hotel 53', 'City 53', 4.7),
(356, 1, 'Hotel 54', 'City 54', 4.5),
(357, 1, 'Hotel 55', 'City 55', 3.4),
(358, 1, 'Hotel 56', 'City 56', 4.0),
(359, 3, 'Hotel 57', 'City 57', 3.3),
(360, 1, 'Hotel 58', 'City 58', 4.9),
(361, 1, 'Hotel 59', 'City 59', 4.2),
(362, 1, 'Hotel 60', 'City 60', 4.6),
(363, 3, 'Hotel 61', 'City 61', 4.8),
(364, 3, 'Hotel 62', 'City 62', 3.2),
(365, 1, 'Hotel 63', 'City 63', 3.8),
(366, 3, 'Hotel 64', 'City 64', 4.7),
(367, 3, 'Hotel 65', 'City 65', 4.3),
(368, 1, 'Hotel 66', 'City 66', 4.2),
(369, 3, 'Hotel 67', 'City 67', 3.2),
(370, 1, 'Hotel 68', 'City 68', 3.5),
(371, 3, 'Hotel 69', 'City 69', 4.5),
(372, 1, 'Hotel 70', 'City 70', 4.9),
(373, 3, 'Hotel 71', 'City 71', 3.7),
(374, 3, 'Hotel 72', 'City 72', 4.7),
(375, 2, 'Hotel 73', 'City 73', 4.1),
(376, 3, 'Hotel 74', 'City 74', 3.1),
(377, 1, 'Hotel 75', 'City 75', 3.5),
(378, 1, 'Hotel 76', 'City 76', 4.9),
(379, 2, 'Hotel 77', 'City 77', 4.7),
(380, 2, 'Hotel 78', 'City 78', 3.9),
(381, 1, 'Hotel 79', 'City 79', 4.0),
(382, 2, 'Hotel 80', 'City 80', 4.0),
(383, 2, 'Hotel 81', 'City 81', 4.7),
(384, 3, 'Hotel 82', 'City 82', 3.4),
(385, 2, 'Hotel 83', 'City 83', 3.6),
(386, 1, 'Hotel 84', 'City 84', 4.1),
(387, 2, 'Hotel 85', 'City 85', 4.1),
(388, 2, 'Hotel 86', 'City 86', 4.2),
(389, 3, 'Hotel 87', 'City 87', 3.6),
(390, 1, 'Hotel 88', 'City 88', 4.7),
(391, 3, 'Hotel 89', 'City 89', 4.2),
(392, 3, 'Hotel 90', 'City 90', 4.0),
(393, 3, 'Hotel 91', 'City 91', 3.9),
(394, 2, 'Hotel 92', 'City 92', 4.3),
(395, 2, 'Hotel 93', 'City 93', 3.1),
(396, 2, 'Hotel 94', 'City 94', 3.7),
(397, 2, 'Hotel 95', 'City 95', 4.9),
(398, 1, 'Hotel 96', 'City 96', 3.3),
(399, 1, 'Hotel 97', 'City 97', 3.0),
(400, 2, 'Hotel 98', 'City 98', 3.6),
(401, 2, 'Hotel 99', 'City 99', 3.2),
(402, 1, 'Hotel 100', 'City 100', 3.2);

INSERT INTO rooms (room_id, hotel_id, room_type, base_price, is_available) VALUES
(6, 303, 'Standard', 476.32, 0),
(7, 304, 'Deluxe', 138.02, 0),
(8, 305, 'Standard', 478.18, 0),
(9, 306, 'Deluxe', 478.36, 0),
(10, 307, 'Deluxe', 248.15, 1),
(11, 308, 'Suite', 466.98, 1),
(12, 309, 'Standard', 414.11, 0),
(13, 310, 'Standard', 359.19, 1),
(14, 311, 'Suite', 410.62, 1),
(15, 312, 'Suite', 114.92, 0),
(16, 313, 'Deluxe', 274.24, 1),
(17, 314, 'Suite', 338.73, 0),
(18, 315, 'Standard', 209.68, 1),
(19, 316, 'Deluxe', 118.2, 0),
(20, 317, 'Suite', 342.3, 0),
(21, 318, 'Standard', 438.87, 1),
(22, 319, 'Standard', 161.87, 1),
(23, 320, 'Standard', 407.57, 1),
(24, 321, 'Deluxe', 385.76, 0),
(25, 322, 'Standard', 315.72, 1),
(26, 323, 'Standard', 275.2, 1),
(27, 324, 'Deluxe', 365.21, 0),
(28, 325, 'Standard', 364.15, 0),
(29, 326, 'Suite', 211.32, 1),
(30, 327, 'Deluxe', 270.41, 1),
(31, 328, 'Suite', 259.69, 1),
(32, 329, 'Suite', 257.73, 1),
(33, 330, 'Standard', 476.76, 1),
(34, 331, 'Standard', 199.05, 0),
(35, 332, 'Suite', 237.33, 0),
(36, 333, 'Suite', 154.63, 1),
(37, 334, 'Deluxe', 395.63, 1),
(38, 335, 'Deluxe', 176.81, 1),
(39, 336, 'Deluxe', 374.47, 0),
(40, 337, 'Standard', 409.38, 1),
(41, 338, 'Standard', 487.61, 1),
(42, 339, 'Suite', 249.37, 1),
(43, 340, 'Suite', 196.34, 1),
(44, 341, 'Suite', 491.66, 0),
(45, 342, 'Deluxe', 300.14, 0),
(46, 343, 'Deluxe', 404.2, 1),
(47, 344, 'Standard', 267.61, 0),
(48, 345, 'Suite', 385.61, 0),
(49, 346, 'Suite', 436.4, 0),
(50, 347, 'Suite', 214.02, 0),
(51, 348, 'Standard', 306.36, 1),
(52, 349, 'Standard', 411.74, 0),
(53, 350, 'Standard', 462.97, 0),
(54, 351, 'Deluxe', 392.28, 1),
(55, 352, 'Suite', 278.19, 1),
(56, 353, 'Suite', 209.85, 0),
(57, 354, 'Deluxe', 309.51, 0),
(58, 355, 'Deluxe', 193.48, 1),
(59, 356, 'Suite', 354.46, 1),
(60, 357, 'Standard', 260.25, 0),
(61, 358, 'Standard', 305.13, 0),
(62, 359, 'Deluxe', 318.29, 1),
(63, 360, 'Deluxe', 160.45, 0),
(64, 361, 'Suite', 176.66, 0),
(65, 362, 'Deluxe', 133.95, 0),
(66, 363, 'Deluxe', 315.5, 1),
(67, 364, 'Suite', 278.39, 0),
(68, 365, 'Deluxe', 422.84, 0),
(69, 366, 'Deluxe', 190.61, 0),
(70, 367, 'Suite', 424.49, 1),
(71, 368, 'Standard', 409.45, 0),
(72, 369, 'Suite', 481.4, 0),
(73, 370, 'Deluxe', 425.26, 1),
(74, 371, 'Deluxe', 350.01, 0),
(75, 372, 'Deluxe', 187.85, 0),
(76, 373, 'Deluxe', 348.97, 1),
(77, 374, 'Suite', 106.4, 1),
(78, 375, 'Deluxe', 424.74, 0),
(79, 376, 'Standard', 124.13, 0),
(80, 377, 'Suite', 272.63, 0),
(81, 378, 'Standard', 459.84, 1),
(82, 379, 'Standard', 408.56, 0),
(83, 380, 'Deluxe', 132.93, 0),
(84, 381, 'Standard', 351.03, 1),
(85, 382, 'Suite', 396.62, 0),
(86, 383, 'Deluxe', 224.43, 0),
(87, 384, 'Suite', 166.86, 0),
(88, 385, 'Standard', 183.14, 0),
(89, 386, 'Deluxe', 293.54, 1),
(90, 387, 'Suite', 279.59, 1),
(91, 388, 'Suite', 334.54, 0),
(92, 389, 'Standard', 457.08, 0),
(93, 390, 'Deluxe', 324.34, 1),
(94, 391, 'Deluxe', 103.57, 1),
(95, 392, 'Standard', 474.85, 0),
(96, 393, 'Suite', 194.34, 0),
(97, 394, 'Suite', 116.42, 1),
(98, 395, 'Deluxe', 374.47, 1),
(99, 396, 'Deluxe', 347.71, 0),
(100, 397, 'Standard', 349.81, 1),
(101, 398, 'Deluxe', 467.09, 1),
(102, 399, 'Deluxe', 223.17, 0),
(103, 400, 'Standard', 151.13, 0),
(104, 401, 'Deluxe', 263.02, 0),
(105, 402, 'Deluxe', 464.42, 0);

INSERT INTO guests (guest_id, guest_name, nationality, email, phone) VALUES
(5005, 'Guest 1', 'American', 'guest1@example.com', '+1-555-0000'),
(5006, 'Guest 2', 'French', 'guest2@example.com', '+1-555-0001'),
(5007, 'Guest 3', 'German', 'guest3@example.com', '+1-555-0002'),
(5008, 'Guest 4', 'American', 'guest4@example.com', '+1-555-0003'),
(5009, 'Guest 5', 'French', 'guest5@example.com', '+1-555-0004'),
(5010, 'Guest 6', 'American', 'guest6@example.com', '+1-555-0005'),
(5011, 'Guest 7', 'French', 'guest7@example.com', '+1-555-0006'),
(5012, 'Guest 8', 'Singaporean', 'guest8@example.com', '+1-555-0007'),
(5013, 'Guest 9', 'German', 'guest9@example.com', '+1-555-0008'),
(5014, 'Guest 10', 'German', 'guest10@example.com', '+1-555-0009'),
(5015, 'Guest 11', 'German', 'guest11@example.com', '+1-555-0010'),
(5016, 'Guest 12', 'Singaporean', 'guest12@example.com', '+1-555-0011'),
(5017, 'Guest 13', 'American', 'guest13@example.com', '+1-555-0012'),
(5018, 'Guest 14', 'Singaporean', 'guest14@example.com', '+1-555-0013'),
(5019, 'Guest 15', 'German', 'guest15@example.com', '+1-555-0014'),
(5020, 'Guest 16', 'French', 'guest16@example.com', '+1-555-0015'),
(5021, 'Guest 17', 'American', 'guest17@example.com', '+1-555-0016'),
(5022, 'Guest 18', 'American', 'guest18@example.com', '+1-555-0017'),
(5023, 'Guest 19', 'French', 'guest19@example.com', '+1-555-0018'),
(5024, 'Guest 20', 'Singaporean', 'guest20@example.com', '+1-555-0019'),
(5025, 'Guest 21', 'German', 'guest21@example.com', '+1-555-0020'),
(5026, 'Guest 22', 'Singaporean', 'guest22@example.com', '+1-555-0021'),
(5027, 'Guest 23', 'French', 'guest23@example.com', '+1-555-0022'),
(5028, 'Guest 24', 'Singaporean', 'guest24@example.com', '+1-555-0023'),
(5029, 'Guest 25', 'Singaporean', 'guest25@example.com', '+1-555-0024'),
(5030, 'Guest 26', 'French', 'guest26@example.com', '+1-555-0025'),
(5031, 'Guest 27', 'German', 'guest27@example.com', '+1-555-0026'),
(5032, 'Guest 28', 'Singaporean', 'guest28@example.com', '+1-555-0027'),
(5033, 'Guest 29', 'German', 'guest29@example.com', '+1-555-0028'),
(5034, 'Guest 30', 'American', 'guest30@example.com', '+1-555-0029'),
(5035, 'Guest 31', 'Singaporean', 'guest31@example.com', '+1-555-0030'),
(5036, 'Guest 32', 'German', 'guest32@example.com', '+1-555-0031'),
(5037, 'Guest 33', 'Singaporean', 'guest33@example.com', '+1-555-0032'),
(5038, 'Guest 34', 'American', 'guest34@example.com', '+1-555-0033'),
(5039, 'Guest 35', 'French', 'guest35@example.com', '+1-555-0034'),
(5040, 'Guest 36', 'American', 'guest36@example.com', '+1-555-0035'),
(5041, 'Guest 37', 'Singaporean', 'guest37@example.com', '+1-555-0036'),
(5042, 'Guest 38', 'German', 'guest38@example.com', '+1-555-0037'),
(5043, 'Guest 39', 'American', 'guest39@example.com', '+1-555-0038'),
(5044, 'Guest 40', 'Singaporean', 'guest40@example.com', '+1-555-0039'),
(5045, 'Guest 41', 'German', 'guest41@example.com', '+1-555-0040'),
(5046, 'Guest 42', 'German', 'guest42@example.com', '+1-555-0041'),
(5047, 'Guest 43', 'American', 'guest43@example.com', '+1-555-0042'),
(5048, 'Guest 44', 'German', 'guest44@example.com', '+1-555-0043'),
(5049, 'Guest 45', 'American', 'guest45@example.com', '+1-555-0044'),
(5050, 'Guest 46', 'Singaporean', 'guest46@example.com', '+1-555-0045'),
(5051, 'Guest 47', 'American', 'guest47@example.com', '+1-555-0046'),
(5052, 'Guest 48', 'German', 'guest48@example.com', '+1-555-0047'),
(5053, 'Guest 49', 'Singaporean', 'guest49@example.com', '+1-555-0048'),
(5054, 'Guest 50', 'American', 'guest50@example.com', '+1-555-0049'),
(5055, 'Guest 51', 'German', 'guest51@example.com', '+1-555-0050'),
(5056, 'Guest 52', 'French', 'guest52@example.com', '+1-555-0051'),
(5057, 'Guest 53', 'German', 'guest53@example.com', '+1-555-0052'),
(5058, 'Guest 54', 'French', 'guest54@example.com', '+1-555-0053'),
(5059, 'Guest 55', 'German', 'guest55@example.com', '+1-555-0054'),
(5060, 'Guest 56', 'French', 'guest56@example.com', '+1-555-0055'),
(5061, 'Guest 57', 'German', 'guest57@example.com', '+1-555-0056'),
(5062, 'Guest 58', 'Singaporean', 'guest58@example.com', '+1-555-0057'),
(5063, 'Guest 59', 'American', 'guest59@example.com', '+1-555-0058'),
(5064, 'Guest 60', 'German', 'guest60@example.com', '+1-555-0059'),
(5065, 'Guest 61', 'French', 'guest61@example.com', '+1-555-0060'),
(5066, 'Guest 62', 'French', 'guest62@example.com', '+1-555-0061'),
(5067, 'Guest 63', 'French', 'guest63@example.com', '+1-555-0062'),
(5068, 'Guest 64', 'American', 'guest64@example.com', '+1-555-0063'),
(5069, 'Guest 65', 'German', 'guest65@example.com', '+1-555-0064'),
(5070, 'Guest 66', 'German', 'guest66@example.com', '+1-555-0065'),
(5071, 'Guest 67', 'American', 'guest67@example.com', '+1-555-0066'),
(5072, 'Guest 68', 'American', 'guest68@example.com', '+1-555-0067'),
(5073, 'Guest 69', 'French', 'guest69@example.com', '+1-555-0068'),
(5074, 'Guest 70', 'German', 'guest70@example.com', '+1-555-0069'),
(5075, 'Guest 71', 'French', 'guest71@example.com', '+1-555-0070'),
(5076, 'Guest 72', 'German', 'guest72@example.com', '+1-555-0071'),
(5077, 'Guest 73', 'Singaporean', 'guest73@example.com', '+1-555-0072'),
(5078, 'Guest 74', 'German', 'guest74@example.com', '+1-555-0073'),
(5079, 'Guest 75', 'German', 'guest75@example.com', '+1-555-0074'),
(5080, 'Guest 76', 'French', 'guest76@example.com', '+1-555-0075'),
(5081, 'Guest 77', 'German', 'guest77@example.com', '+1-555-0076'),
(5082, 'Guest 78', 'German', 'guest78@example.com', '+1-555-0077'),
(5083, 'Guest 79', 'American', 'guest79@example.com', '+1-555-0078'),
(5084, 'Guest 80', 'German', 'guest80@example.com', '+1-555-0079'),
(5085, 'Guest 81', 'French', 'guest81@example.com', '+1-555-0080'),
(5086, 'Guest 82', 'French', 'guest82@example.com', '+1-555-0081'),
(5087, 'Guest 83', 'Singaporean', 'guest83@example.com', '+1-555-0082'),
(5088, 'Guest 84', 'German', 'guest84@example.com', '+1-555-0083'),
(5089, 'Guest 85', 'German', 'guest85@example.com', '+1-555-0084'),
(5090, 'Guest 86', 'Singaporean', 'guest86@example.com', '+1-555-0085'),
(5091, 'Guest 87', 'American', 'guest87@example.com', '+1-555-0086'),
(5092, 'Guest 88', 'Singaporean', 'guest88@example.com', '+1-555-0087'),
(5093, 'Guest 89', 'German', 'guest89@example.com', '+1-555-0088'),
(5094, 'Guest 90', 'German', 'guest90@example.com', '+1-555-0089'),
(5095, 'Guest 91', 'French', 'guest91@example.com', '+1-555-0090'),
(5096, 'Guest 92', 'German', 'guest92@example.com', '+1-555-0091'),
(5097, 'Guest 93', 'Singaporean', 'guest93@example.com', '+1-555-0092'),
(5098, 'Guest 94', 'Singaporean', 'guest94@example.com', '+1-555-0093'),
(5099, 'Guest 95', 'French', 'guest95@example.com', '+1-555-0094'),
(5100, 'Guest 96', 'Singaporean', 'guest96@example.com', '+1-555-0095'),
(5101, 'Guest 97', 'German', 'guest97@example.com', '+1-555-0096'),
(5102, 'Guest 98', 'Singaporean', 'guest98@example.com', '+1-555-0097'),
(5103, 'Guest 99', 'French', 'guest99@example.com', '+1-555-0098'),
(5104, 'Guest 100', 'German', 'guest100@example.com', '+1-555-0099');

INSERT INTO bookings (booking_id, room_id, guest_id, check_in, check_out, total_price, booking_status) VALUES
(1005, 6, 5005, '2025-07-20', '2025-07-22', 509.64, 'Completed'),
(1006, 7, 5006, '2025-07-21', '2025-07-23', 496.62, 'Cancelled'),
(1007, 8, 5007, '2025-07-22', '2025-07-24', 320.8, 'Completed'),
(1008, 9, 5008, '2025-07-23', '2025-07-25', 333.54, 'Completed'),
(1009, 10, 5009, '2025-07-24', '2025-07-26', 557.34, 'Confirmed'),
(1010, 11, 5010, '2025-07-25', '2025-07-27', 488.92, 'Completed'),
(1011, 12, 5011, '2025-07-26', '2025-07-28', 186.4, 'Completed'),
(1012, 13, 5012, '2025-07-27', '2025-07-29', 501.46, 'Confirmed'),
(1013, 14, 5013, '2025-07-28', '2025-07-30', 603.4, 'Cancelled'),
(1014, 15, 5014, '2025-07-29', '2025-07-31', 514.53, 'Completed'),
(1015, 16, 5015, '2025-07-20', '2025-07-22', 649.25, 'Completed'),
(1016, 17, 5016, '2025-07-21', '2025-07-23', 244.99, 'Completed'),
(1017, 18, 5017, '2025-07-22', '2025-07-24', 562.86, 'Cancelled'),
(1018, 19, 5018, '2025-07-23', '2025-07-25', 222.67, 'Confirmed'),
(1019, 20, 5019, '2025-07-24', '2025-07-26', 275.04, 'Cancelled'),
(1020, 21, 5020, '2025-07-25', '2025-07-27', 526.36, 'Cancelled'),
(1021, 22, 5021, '2025-07-26', '2025-07-28', 260.56, 'Cancelled'),
(1022, 23, 5022, '2025-07-27', '2025-07-29', 167.37, 'Cancelled'),
(1023, 24, 5023, '2025-07-28', '2025-07-30', 284.25, 'Cancelled'),
(1024, 25, 5024, '2025-07-29', '2025-07-31', 150.12, 'Completed'),
(1025, 26, 5025, '2025-07-20', '2025-07-22', 589.78, 'Cancelled'),
(1026, 27, 5026, '2025-07-21', '2025-07-23', 152.33, 'Confirmed'),
(1027, 28, 5027, '2025-07-22', '2025-07-24', 667.44, 'Completed'),
(1028, 29, 5028, '2025-07-23', '2025-07-25', 217.8, 'Cancelled'),
(1029, 30, 5029, '2025-07-24', '2025-07-26', 352.12, 'Completed'),
(1030, 31, 5030, '2025-07-25', '2025-07-27', 351.08, 'Completed'),
(1031, 32, 5031, '2025-07-26', '2025-07-28', 513.97, 'Cancelled'),
(1032, 33, 5032, '2025-07-27', '2025-07-29', 580.87, 'Completed'),
(1033, 34, 5033, '2025-07-28', '2025-07-30', 166.94, 'Completed'),
(1034, 35, 5034, '2025-07-29', '2025-07-31', 682.28, 'Cancelled'),
(1035, 36, 5035, '2025-07-20', '2025-07-22', 617.06, 'Completed'),
(1036, 37, 5036, '2025-07-21', '2025-07-23', 476.9, 'Cancelled'),
(1037, 38, 5037, '2025-07-22', '2025-07-24', 584.8, 'Confirmed'),
(1038, 39, 5038, '2025-07-23', '2025-07-25', 603.55, 'Completed'),
(1039, 40, 5039, '2025-07-24', '2025-07-26', 214.44, 'Confirmed'),
(1040, 41, 5040, '2025-07-25', '2025-07-27', 643.7, 'Completed'),
(1041, 42, 5041, '2025-07-26', '2025-07-28', 440.2, 'Confirmed'),
(1042, 43, 5042, '2025-07-27', '2025-07-29', 587.17, 'Cancelled'),
(1043, 44, 5043, '2025-07-28', '2025-07-30', 294.38, 'Completed'),
(1044, 45, 5044, '2025-07-29', '2025-07-31', 660.61, 'Cancelled'),
(1045, 46, 5045, '2025-07-20', '2025-07-22', 488.77, 'Confirmed'),
(1046, 47, 5046, '2025-07-21', '2025-07-23', 373.8, 'Confirmed'),
(1047, 48, 5047, '2025-07-22', '2025-07-24', 503.82, 'Confirmed'),
(1048, 49, 5048, '2025-07-23', '2025-07-25', 182.36, 'Completed'),
(1049, 50, 5049, '2025-07-24', '2025-07-26', 200.12, 'Confirmed'),
(1050, 51, 5050, '2025-07-25', '2025-07-27', 274.29, 'Completed'),
(1051, 52, 5051, '2025-07-26', '2025-07-28', 546.17, 'Completed'),
(1052, 53, 5052, '2025-07-27', '2025-07-29', 492.23, 'Cancelled'),
(1053, 54, 5053, '2025-07-28', '2025-07-30', 337.44, 'Confirmed'),
(1054, 55, 5054, '2025-07-29', '2025-07-31', 587.7, 'Cancelled'),
(1055, 56, 5055, '2025-07-20', '2025-07-22', 659.88, 'Confirmed'),
(1056, 57, 5056, '2025-07-21', '2025-07-23', 507.6, 'Confirmed'),
(1057, 58, 5057, '2025-07-22', '2025-07-24', 166.57, 'Cancelled'),
(1058, 59, 5058, '2025-07-23', '2025-07-25', 483.05, 'Cancelled'),
(1059, 60, 5059, '2025-07-24', '2025-07-26', 363.72, 'Cancelled'),
(1060, 61, 5060, '2025-07-25', '2025-07-27', 580.18, 'Confirmed'),
(1061, 62, 5061, '2025-07-26', '2025-07-28', 155.75, 'Confirmed'),
(1062, 63, 5062, '2025-07-27', '2025-07-29', 669.02, 'Completed'),
(1063, 64, 5063, '2025-07-28', '2025-07-30', 335.14, 'Completed'),
(1064, 65, 5064, '2025-07-29', '2025-07-31', 466.91, 'Confirmed'),
(1065, 66, 5065, '2025-07-20', '2025-07-22', 312.32, 'Cancelled'),
(1066, 67, 5066, '2025-07-21', '2025-07-23', 420.52, 'Confirmed'),
(1067, 68, 5067, '2025-07-22', '2025-07-24', 314.63, 'Cancelled'),
(1068, 69, 5068, '2025-07-23', '2025-07-25', 667.26, 'Completed'),
(1069, 70, 5069, '2025-07-24', '2025-07-26', 330.92, 'Completed'),
(1070, 71, 5070, '2025-07-25', '2025-07-27', 348.18, 'Cancelled'),
(1071, 72, 5071, '2025-07-26', '2025-07-28', 182.7, 'Completed'),
(1072, 73, 5072, '2025-07-27', '2025-07-29', 543.23, 'Confirmed'),
(1073, 74, 5073, '2025-07-28', '2025-07-30', 576.67, 'Cancelled'),
(1074, 75, 5074, '2025-07-29', '2025-07-31', 560.17, 'Completed'),
(1075, 76, 5075, '2025-07-20', '2025-07-22', 624.01, 'Confirmed'),
(1076, 77, 5076, '2025-07-21', '2025-07-23', 378.67, 'Completed'),
(1077, 78, 5077, '2025-07-22', '2025-07-24', 247.25, 'Completed'),
(1078, 79, 5078, '2025-07-23', '2025-07-25', 528.57, 'Completed'),
(1079, 80, 5079, '2025-07-24', '2025-07-26', 330.73, 'Completed'),
(1080, 81, 5080, '2025-07-25', '2025-07-27', 561.74, 'Completed'),
(1081, 82, 5081, '2025-07-26', '2025-07-28', 473.2, 'Completed'),
(1082, 83, 5082, '2025-07-27', '2025-07-29', 348.67, 'Completed'),
(1083, 84, 5083, '2025-07-28', '2025-07-30', 157.15, 'Cancelled'),
(1084, 85, 5084, '2025-07-29', '2025-07-31', 173.92, 'Cancelled'),
(1085, 86, 5085, '2025-07-20', '2025-07-22', 432.07, 'Confirmed'),
(1086, 87, 5086, '2025-07-21', '2025-07-23', 676.21, 'Confirmed'),
(1087, 88, 5087, '2025-07-22', '2025-07-24', 156.99, 'Completed'),
(1088, 89, 5088, '2025-07-23', '2025-07-25', 475.46, 'Confirmed'),
(1089, 90, 5089, '2025-07-24', '2025-07-26', 214.53, 'Cancelled'),
(1090, 91, 5090, '2025-07-25', '2025-07-27', 557.22, 'Confirmed'),
(1091, 92, 5091, '2025-07-26', '2025-07-28', 181.5, 'Cancelled'),
(1092, 93, 5092, '2025-07-27', '2025-07-29', 273.7, 'Cancelled'),
(1093, 94, 5093, '2025-07-28', '2025-07-30', 580.14, 'Cancelled'),
(1094, 95, 5094, '2025-07-29', '2025-07-31', 276.02, 'Cancelled'),
(1095, 96, 5095, '2025-07-20', '2025-07-22', 513.74, 'Cancelled'),
(1096, 97, 5096, '2025-07-21', '2025-07-23', 547.19, 'Confirmed'),
(1097, 98, 5097, '2025-07-22', '2025-07-24', 658.66, 'Completed'),
(1098, 99, 5098, '2025-07-23', '2025-07-25', 514.46, 'Cancelled'),
(1099, 100, 5099, '2025-07-24', '2025-07-26', 662.2, 'Confirmed'),
(1100, 101, 5100, '2025-07-25', '2025-07-27', 573.84, 'Cancelled'),
(1101, 102, 5101, '2025-07-26', '2025-07-28', 662.52, 'Confirmed'),
(1102, 103, 5102, '2025-07-27', '2025-07-29', 336.19, 'Cancelled'),
(1103, 104, 5103, '2025-07-28', '2025-07-30', 347.25, 'Confirmed'),
(1104, 105, 5104, '2025-07-29', '2025-07-31', 420.39, 'Cancelled');

INSERT INTO payments (payment_id, booking_id, amount, payment_date, payment_method) VALUES
(2004, 1005, 464.91, '2025-07-19', 'Credit Card'),
(2005, 1006, 408.77, '2025-07-20', 'Cash'),
(2006, 1007, 284.06, '2025-07-21', 'Online'),
(2007, 1008, 656.39, '2025-07-22', 'Cash'),
(2008, 1009, 671.28, '2025-07-23', 'Credit Card'),
(2009, 1010, 457.58, '2025-07-24', 'Cash'),
(2010, 1011, 396.48, '2025-07-25', 'Online'),
(2011, 1012, 448.16, '2025-07-26', 'Online'),
(2012, 1013, 653.52, '2025-07-27', 'Cash'),
(2013, 1014, 454.39, '2025-07-28', 'Cash'),
(2014, 1015, 300.48, '2025-07-19', 'Cash'),
(2015, 1016, 430.22, '2025-07-20', 'Online'),
(2016, 1017, 237.06, '2025-07-21', 'Cash'),
(2017, 1018, 408.87, '2025-07-22', 'Credit Card'),
(2018, 1019, 323.35, '2025-07-23', 'Online'),
(2019, 1020, 507.45, '2025-07-24', 'Credit Card'),
(2020, 1021, 429.36, '2025-07-25', 'Online'),
(2021, 1022, 302.61, '2025-07-26', 'Cash'),
(2022, 1023, 235.15, '2025-07-27', 'Credit Card'),
(2023, 1024, 493.58, '2025-07-28', 'Cash'),
(2024, 1025, 294.2, '2025-07-19', 'Credit Card'),
(2025, 1026, 163.7, '2025-07-20', 'Online'),
(2026, 1027, 232.58, '2025-07-21', 'Online'),
(2027, 1028, 696.37, '2025-07-22', 'Cash'),
(2028, 1029, 210.65, '2025-07-23', 'Credit Card'),
(2029, 1030, 297.33, '2025-07-24', 'Cash'),
(2030, 1031, 246.05, '2025-07-25', 'Online'),
(2031, 1032, 486.48, '2025-07-26', 'Cash'),
(2032, 1033, 440.13, '2025-07-27', 'Credit Card'),
(2033, 1034, 318.38, '2025-07-28', 'Cash'),
(2034, 1035, 263.57, '2025-07-19', 'Credit Card'),
(2035, 1036, 444.13, '2025-07-20', 'Cash'),
(2036, 1037, 155.73, '2025-07-21', 'Online'),
(2037, 1038, 418.25, '2025-07-22', 'Cash'),
(2038, 1039, 561.15, '2025-07-23', 'Cash'),
(2039, 1040, 158.6, '2025-07-24', 'Cash'),
(2040, 1041, 187.56, '2025-07-25', 'Credit Card'),
(2041, 1042, 437.83, '2025-07-26', 'Cash'),
(2042, 1043, 158.17, '2025-07-27', 'Online'),
(2043, 1044, 374.8, '2025-07-28', 'Credit Card'),
(2044, 1045, 650.76, '2025-07-19', 'Cash'),
(2045, 1046, 530.5, '2025-07-20', 'Online'),
(2046, 1047, 593.78, '2025-07-21', 'Credit Card'),
(2047, 1048, 351.05, '2025-07-22', 'Cash'),
(2048, 1049, 223.07, '2025-07-23', 'Credit Card'),
(2049, 1050, 602.14, '2025-07-24', 'Cash'),
(2050, 1051, 640.03, '2025-07-25', 'Cash'),
(2051, 1052, 186.51, '2025-07-26', 'Credit Card'),
(2052, 1053, 359.0, '2025-07-27', 'Online'),
(2053, 1054, 609.31, '2025-07-28', 'Online'),
(2054, 1055, 358.81, '2025-07-19', 'Online'),
(2055, 1056, 501.81, '2025-07-20', 'Credit Card'),
(2056, 1057, 260.98, '2025-07-21', 'Online'),
(2057, 1058, 503.17, '2025-07-22', 'Cash'),
(2058, 1059, 557.57, '2025-07-23', 'Cash'),
(2059, 1060, 605.47, '2025-07-24', 'Cash'),
(2060, 1061, 231.43, '2025-07-25', 'Cash'),
(2061, 1062, 444.0, '2025-07-26', 'Credit Card'),
(2062, 1063, 183.26, '2025-07-27', 'Credit Card'),
(2063, 1064, 420.94, '2025-07-28', 'Cash'),
(2064, 1065, 574.97, '2025-07-19', 'Cash'),
(2065, 1066, 309.19, '2025-07-20', 'Cash'),
(2066, 1067, 404.7, '2025-07-21', 'Credit Card'),
(2067, 1068, 193.26, '2025-07-22', 'Credit Card'),
(2068, 1069, 481.66, '2025-07-23', 'Credit Card'),
(2069, 1070, 397.59, '2025-07-24', 'Credit Card'),
(2070, 1071, 240.64, '2025-07-25', 'Credit Card'),
(2071, 1072, 173.8, '2025-07-26', 'Cash'),
(2072, 1073, 699.82, '2025-07-27', 'Cash'),
(2073, 1074, 487.06, '2025-07-28', 'Cash'),
(2074, 1075, 358.43, '2025-07-19', 'Online'),
(2075, 1076, 621.38, '2025-07-20', 'Online'),
(2076, 1077, 479.93, '2025-07-21', 'Cash'),
(2077, 1078, 336.62, '2025-07-22', 'Cash'),
(2078, 1079, 494.76, '2025-07-23', 'Cash'),
(2079, 1080, 665.31, '2025-07-24', 'Credit Card'),
(2080, 1081, 674.9, '2025-07-25', 'Online'),
(2081, 1082, 304.35, '2025-07-26', 'Online'),
(2082, 1083, 213.44, '2025-07-27', 'Online'),
(2083, 1084, 630.51, '2025-07-28', 'Credit Card'),
(2084, 1085, 441.63, '2025-07-19', 'Credit Card'),
(2085, 1086, 550.61, '2025-07-20', 'Online'),
(2086, 1087, 310.62, '2025-07-21', 'Cash'),
(2087, 1088, 217.35, '2025-07-22', 'Credit Card'),
(2088, 1089, 334.53, '2025-07-23', 'Online'),
(2089, 1090, 494.82, '2025-07-24', 'Credit Card'),
(2090, 1091, 168.24, '2025-07-25', 'Credit Card'),
(2091, 1092, 324.01, '2025-07-26', 'Credit Card'),
(2092, 1093, 662.93, '2025-07-27', 'Cash'),
(2093, 1094, 696.77, '2025-07-28', 'Online'),
(2094, 1095, 326.96, '2025-07-19', 'Credit Card'),
(2095, 1096, 627.65, '2025-07-20', 'Cash'),
(2096, 1097, 398.58, '2025-07-21', 'Credit Card'),
(2097, 1098, 611.22, '2025-07-22', 'Cash'),
(2098, 1099, 262.62, '2025-07-23', 'Credit Card'),
(2099, 1100, 371.78, '2025-07-24', 'Credit Card'),
(2100, 1101, 425.46, '2025-07-25', 'Credit Card'),
(2101, 1102, 582.95, '2025-07-26', 'Cash'),
(2102, 1103, 530.57, '2025-07-27', 'Online'),
(2103, 1104, 370.62, '2025-07-28', 'Credit Card');

INSERT INTO staff (staff_id, staff_name, position, hire_date) VALUES
(9004, 'Staff 1', 'Manager', '2019-01-01'),
(9005, 'Staff 2', 'Chef', '2019-01-31'),
(9006, 'Staff 3', 'Chef', '2019-03-02'),
(9007, 'Staff 4', 'Manager', '2019-04-01'),
(9008, 'Staff 5', 'Chef', '2019-05-01'),
(9009, 'Staff 6', 'Receptionist', '2019-05-31'),
(9010, 'Staff 7', 'Manager', '2019-06-30'),
(9011, 'Staff 8', 'Manager', '2019-07-30'),
(9012, 'Staff 9', 'Chef', '2019-08-29'),
(9013, 'Staff 10', 'Manager', '2019-09-28'),
(9014, 'Staff 11', 'Manager', '2019-10-28'),
(9015, 'Staff 12', 'Manager', '2019-11-27'),
(9016, 'Staff 13', 'Chef', '2019-12-27'),
(9017, 'Staff 14', 'Chef', '2020-01-26'),
(9018, 'Staff 15', 'Manager', '2020-02-25'),
(9019, 'Staff 16', 'Chef', '2020-03-26'),
(9020, 'Staff 17', 'Receptionist', '2020-04-25'),
(9021, 'Staff 18', 'Receptionist', '2020-05-25'),
(9022, 'Staff 19', 'Manager', '2020-06-24'),
(9023, 'Staff 20', 'Chef', '2020-07-24'),
(9024, 'Staff 21', 'Chef', '2020-08-23'),
(9025, 'Staff 22', 'Chef', '2020-09-22'),
(9026, 'Staff 23', 'Manager', '2020-10-22'),
(9027, 'Staff 24', 'Chef', '2020-11-21'),
(9028, 'Staff 25', 'Receptionist', '2020-12-21'),
(9029, 'Staff 26', 'Chef', '2021-01-20'),
(9030, 'Staff 27', 'Receptionist', '2021-02-19'),
(9031, 'Staff 28', 'Manager', '2021-03-21'),
(9032, 'Staff 29', 'Receptionist', '2021-04-20'),
(9033, 'Staff 30', 'Manager', '2021-05-20'),
(9034, 'Staff 31', 'Receptionist', '2021-06-19'),
(9035, 'Staff 32', 'Manager', '2021-07-19'),
(9036, 'Staff 33', 'Chef', '2021-08-18'),
(9037, 'Staff 34', 'Manager', '2021-09-17'),
(9038, 'Staff 35', 'Manager', '2021-10-17'),
(9039, 'Staff 36', 'Receptionist', '2021-11-16'),
(9040, 'Staff 37', 'Chef', '2021-12-16'),
(9041, 'Staff 38', 'Receptionist', '2022-01-15'),
(9042, 'Staff 39', 'Receptionist', '2022-02-14'),
(9043, 'Staff 40', 'Receptionist', '2022-03-16'),
(9044, 'Staff 41', 'Manager', '2022-04-15'),
(9045, 'Staff 42', 'Receptionist', '2022-05-15'),
(9046, 'Staff 43', 'Manager', '2022-06-14'),
(9047, 'Staff 44', 'Manager', '2022-07-14'),
(9048, 'Staff 45', 'Manager', '2022-08-13'),
(9049, 'Staff 46', 'Manager', '2022-09-12'),
(9050, 'Staff 47', 'Chef', '2022-10-12'),
(9051, 'Staff 48', 'Chef', '2022-11-11'),
(9052, 'Staff 49', 'Receptionist', '2022-12-11'),
(9053, 'Staff 50', 'Receptionist', '2023-01-10'),
(9054, 'Staff 51', 'Manager', '2023-02-09'),
(9055, 'Staff 52', 'Manager', '2023-03-11'),
(9056, 'Staff 53', 'Receptionist', '2023-04-10'),
(9057, 'Staff 54', 'Manager', '2023-05-10'),
(9058, 'Staff 55', 'Receptionist', '2023-06-09'),
(9059, 'Staff 56', 'Receptionist', '2023-07-09'),
(9060, 'Staff 57', 'Chef', '2023-08-08'),
(9061, 'Staff 58', 'Manager', '2023-09-07'),
(9062, 'Staff 59', 'Chef', '2023-10-07'),
(9063, 'Staff 60', 'Receptionist', '2023-11-06'),
(9064, 'Staff 61', 'Chef', '2023-12-06'),
(9065, 'Staff 62', 'Manager', '2024-01-05'),
(9066, 'Staff 63', 'Manager', '2024-02-04'),
(9067, 'Staff 64', 'Chef', '2024-03-05'),
(9068, 'Staff 65', 'Chef', '2024-04-04'),
(9069, 'Staff 66', 'Manager', '2024-05-04'),
(9070, 'Staff 67', 'Chef', '2024-06-03'),
(9071, 'Staff 68', 'Manager', '2024-07-03'),
(9072, 'Staff 69', 'Manager', '2024-08-02'),
(9073, 'Staff 70', 'Chef', '2024-09-01'),
(9074, 'Staff 71', 'Receptionist', '2024-10-01'),
(9075, 'Staff 72', 'Manager', '2024-10-31'),
(9076, 'Staff 73', 'Receptionist', '2024-11-30'),
(9077, 'Staff 74', 'Chef', '2024-12-30'),
(9078, 'Staff 75', 'Receptionist', '2025-01-29'),
(9079, 'Staff 76', 'Receptionist', '2025-02-28'),
(9080, 'Staff 77', 'Receptionist', '2025-03-30'),
(9081, 'Staff 78', 'Chef', '2025-04-29'),
(9082, 'Staff 79', 'Receptionist', '2025-05-29'),
(9083, 'Staff 80', 'Manager', '2025-06-28'),
(9084, 'Staff 81', 'Chef', '2025-07-28'),
(9085, 'Staff 82', 'Receptionist', '2025-08-27'),
(9086, 'Staff 83', 'Manager', '2025-09-26'),
(9087, 'Staff 84', 'Receptionist', '2025-10-26'),
(9088, 'Staff 85', 'Chef', '2025-11-25'),
(9089, 'Staff 86', 'Chef', '2025-12-25'),
(9090, 'Staff 87', 'Receptionist', '2026-01-24'),
(9091, 'Staff 88', 'Receptionist', '2026-02-23'),
(9092, 'Staff 89', 'Receptionist', '2026-03-25'),
(9093, 'Staff 90', 'Manager', '2026-04-24'),
(9094, 'Staff 91', 'Manager', '2026-05-24'),
(9095, 'Staff 92', 'Manager', '2026-06-23'),
(9096, 'Staff 93', 'Manager', '2026-07-23'),
(9097, 'Staff 94', 'Manager', '2026-08-22'),
(9098, 'Staff 95', 'Receptionist', '2026-09-21'),
(9099, 'Staff 96', 'Chef', '2026-10-21'),
(9100, 'Staff 97', 'Receptionist', '2026-11-20'),
(9101, 'Staff 98', 'Receptionist', '2026-12-20'),
(9102, 'Staff 99', 'Chef', '2027-01-19'),
(9103, 'Staff 100', 'Chef', '2027-02-18');

INSERT INTO hotel_staff (hotel_id, staff_id) VALUES
(303, 9004),
(304, 9005),
(305, 9006),
(306, 9007),
(307, 9008),
(308, 9009),
(309, 9010),
(310, 9011),
(311, 9012),
(312, 9013),
(313, 9014),
(314, 9015),
(315, 9016),
(316, 9017),
(317, 9018),
(318, 9019),
(319, 9020),
(320, 9021),
(321, 9022),
(322, 9023),
(323, 9024),
(324, 9025),
(325, 9026),
(326, 9027),
(327, 9028),
(328, 9029),
(329, 9030),
(330, 9031),
(331, 9032),
(332, 9033),
(333, 9034),
(334, 9035),
(335, 9036),
(336, 9037),
(337, 9038),
(338, 9039),
(339, 9040),
(340, 9041),
(341, 9042),
(342, 9043),
(343, 9044),
(344, 9045),
(345, 9046),
(346, 9047),
(347, 9048),
(348, 9049),
(349, 9050),
(350, 9051),
(351, 9052),
(352, 9053),
(353, 9054),
(354, 9055),
(355, 9056),
(356, 9057),
(357, 9058),
(358, 9059),
(359, 9060),
(360, 9061),
(361, 9062),
(362, 9063),
(363, 9064),
(364, 9065),
(365, 9066),
(366, 9067),
(367, 9068),
(368, 9069),
(369, 9070),
(370, 9071),
(371, 9072),
(372, 9073),
(373, 9074),
(374, 9075),
(375, 9076),
(376, 9077),
(377, 9078),
(378, 9079),
(379, 9080),
(380, 9081),
(381, 9082),
(382, 9083),
(383, 9084),
(384, 9085),
(385, 9086),
(386, 9087),
(387, 9088),
(388, 9089),
(389, 9090),
(390, 9091),
(391, 9092),
(392, 9093),
(393, 9094),
(394, 9095),
(395, 9096),
(396, 9097),
(397, 9098),
(398, 9099),
(399, 9100),
(400, 9101),
(401, 9102),
(402, 9103);

INSERT INTO services (service_id, service_name, cost) VALUES
(4, 'Service 1', 93.91),
(5, 'Service 2', 93.25),
(6, 'Service 3', 48.76),
(7, 'Service 4', 93.17),
(8, 'Service 5', 27.04),
(9, 'Service 6', 73.03),
(10, 'Service 7', 5.82),
(11, 'Service 8', 35.59),
(12, 'Service 9', 63.69),
(13, 'Service 10', 84.03),
(14, 'Service 11', 75.67),
(15, 'Service 12', 51.97),
(16, 'Service 13', 11.77),
(17, 'Service 14', 56.49),
(18, 'Service 15', 91.02),
(19, 'Service 16', 34.84),
(20, 'Service 17', 52.03),
(21, 'Service 18', 45.28),
(22, 'Service 19', 62.47),
(23, 'Service 20', 16.57),
(24, 'Service 21', 55.78),
(25, 'Service 22', 82.72),
(26, 'Service 23', 47.1),
(27, 'Service 24', 58.42),
(28, 'Service 25', 74.04),
(29, 'Service 26', 53.14),
(30, 'Service 27', 14.31),
(31, 'Service 28', 52.88),
(32, 'Service 29', 52.21),
(33, 'Service 30', 50.19),
(34, 'Service 31', 14.81),
(35, 'Service 32', 49.47),
(36, 'Service 33', 84.4),
(37, 'Service 34', 10.9),
(38, 'Service 35', 74.95),
(39, 'Service 36', 77.76),
(40, 'Service 37', 25.57),
(41, 'Service 38', 18.81),
(42, 'Service 39', 68.39),
(43, 'Service 40', 81.38),
(44, 'Service 41', 44.31),
(45, 'Service 42', 90.0),
(46, 'Service 43', 15.82),
(47, 'Service 44', 68.15),
(48, 'Service 45', 80.3),
(49, 'Service 46', 14.95),
(50, 'Service 47', 17.79),
(51, 'Service 48', 51.53),
(52, 'Service 49', 35.03),
(53, 'Service 50', 40.81),
(54, 'Service 51', 37.6),
(55, 'Service 52', 20.91),
(56, 'Service 53', 87.21),
(57, 'Service 54', 45.18),
(58, 'Service 55', 41.48),
(59, 'Service 56', 10.7),
(60, 'Service 57', 99.73),
(61, 'Service 58', 98.37),
(62, 'Service 59', 45.64),
(63, 'Service 60', 5.0),
(64, 'Service 61', 32.92),
(65, 'Service 62', 36.48),
(66, 'Service 63', 5.84),
(67, 'Service 64', 20.5),
(68, 'Service 65', 74.62),
(69, 'Service 66', 55.68),
(70, 'Service 67', 58.54),
(71, 'Service 68', 45.56),
(72, 'Service 69', 35.72),
(73, 'Service 70', 58.89),
(74, 'Service 71', 38.07),
(75, 'Service 72', 55.97),
(76, 'Service 73', 84.53),
(77, 'Service 74', 55.99),
(78, 'Service 75', 97.42),
(79, 'Service 76', 96.71),
(80, 'Service 77', 73.23),
(81, 'Service 78', 39.44),
(82, 'Service 79', 16.14),
(83, 'Service 80', 24.99),
(84, 'Service 81', 34.1),
(85, 'Service 82', 90.39),
(86, 'Service 83', 17.15),
(87, 'Service 84', 79.21),
(88, 'Service 85', 35.07),
(89, 'Service 86', 26.28),
(90, 'Service 87', 50.32),
(91, 'Service 88', 46.55),
(92, 'Service 89', 82.48),
(93, 'Service 90', 10.63),
(94, 'Service 91', 50.48),
(95, 'Service 92', 79.99),
(96, 'Service 93', 29.36),
(97, 'Service 94', 36.54),
(98, 'Service 95', 10.37),
(99, 'Service 96', 33.66),
(100, 'Service 97', 43.5),
(101, 'Service 98', 26.71),
(102, 'Service 99', 50.39),
(103, 'Service 100', 70.29);

INSERT INTO room_services (room_id, service_id) VALUES
(6, 4),
(7, 5),
(8, 6),
(9, 7),
(10, 8),
(11, 9),
(12, 10),
(13, 11),
(14, 12),
(15, 13),
(16, 14),
(17, 15),
(18, 16),
(19, 17),
(20, 18),
(21, 19),
(22, 20),
(23, 21),
(24, 22),
(25, 23),
(26, 24),
(27, 25),
(28, 26),
(29, 27),
(30, 28),
(31, 29),
(32, 30),
(33, 31),
(34, 32),
(35, 33),
(36, 34),
(37, 35),
(38, 36),
(39, 37),
(40, 38),
(41, 39),
(42, 40),
(43, 41),
(44, 42),
(45, 43),
(46, 44),
(47, 45),
(48, 46),
(49, 47),
(50, 48),
(51, 49),
(52, 50),
(53, 51),
(54, 52),
(55, 53),
(56, 54),
(57, 55),
(58, 56),
(59, 57),
(60, 58),
(61, 59),
(62, 60),
(63, 61),
(64, 62),
(65, 63),
(66, 64),
(67, 65),
(68, 66),
(69, 67),
(70, 68),
(71, 69),
(72, 70),
(73, 71),
(74, 72),
(75, 73),
(76, 74),
(77, 75),
(78, 76),
(79, 77),
(80, 78),
(81, 79),
(82, 80),
(83, 81),
(84, 82),
(85, 83),
(86, 84),
(87, 85),
(88, 86),
(89, 87),
(90, 88),
(91, 89),
(92, 90),
(93, 91),
(94, 92),
(95, 93),
(96, 94),
(97, 95),
(98, 96),
(99, 97),
(100, 98),
(101, 99),
(102, 100),
(103, 101),
(104, 102),
(105, 103);

INSERT INTO reviews (review_id, guest_id, hotel_id, rating, comment, review_date) VALUES
(3004, 5005, 303, 4, 'Review comment 1', '2025-07-25'),
(3005, 5006, 304, 3, 'Review comment 2', '2025-07-26'),
(3006, 5007, 305, 4, 'Review comment 3', '2025-07-27'),
(3007, 5008, 306, 1, 'Review comment 4', '2025-07-28'),
(3008, 5009, 307, 3, 'Review comment 5', '2025-07-29'),
(3009, 5010, 308, 5, 'Review comment 6', '2025-07-30'),
(3010, 5011, 309, 3, 'Review comment 7', '2025-07-31'),
(3011, 5012, 310, 1, 'Review comment 8', '2025-08-01'),
(3012, 5013, 311, 4, 'Review comment 9', '2025-08-02'),
(3013, 5014, 312, 2, 'Review comment 10', '2025-08-03'),
(3014, 5015, 313, 3, 'Review comment 11', '2025-08-04'),
(3015, 5016, 314, 2, 'Review comment 12', '2025-08-05'),
(3016, 5017, 315, 5, 'Review comment 13', '2025-08-06'),
(3017, 5018, 316, 5, 'Review comment 14', '2025-08-07'),
(3018, 5019, 317, 1, 'Review comment 15', '2025-08-08'),
(3019, 5020, 318, 4, 'Review comment 16', '2025-08-09'),
(3020, 5021, 319, 2, 'Review comment 17', '2025-08-10'),
(3021, 5022, 320, 1, 'Review comment 18', '2025-08-11'),
(3022, 5023, 321, 5, 'Review comment 19', '2025-08-12'),
(3023, 5024, 322, 1, 'Review comment 20', '2025-08-13'),
(3024, 5025, 323, 2, 'Review comment 21', '2025-08-14'),
(3025, 5026, 324, 5, 'Review comment 22', '2025-08-15'),
(3026, 5027, 325, 5, 'Review comment 23', '2025-08-16'),
(3027, 5028, 326, 5, 'Review comment 24', '2025-08-17'),
(3028, 5029, 327, 2, 'Review comment 25', '2025-08-18'),
(3029, 5030, 328, 5, 'Review comment 26', '2025-08-19'),
(3030, 5031, 329, 4, 'Review comment 27', '2025-08-20'),
(3031, 5032, 330, 4, 'Review comment 28', '2025-08-21'),
(3032, 5033, 331, 5, 'Review comment 29', '2025-08-22'),
(3033, 5034, 332, 2, 'Review comment 30', '2025-08-23'),
(3034, 5035, 333, 4, 'Review comment 31', '2025-08-24'),
(3035, 5036, 334, 3, 'Review comment 32', '2025-08-25'),
(3036, 5037, 335, 3, 'Review comment 33', '2025-08-26'),
(3037, 5038, 336, 1, 'Review comment 34', '2025-08-27'),
(3038, 5039, 337, 3, 'Review comment 35', '2025-08-28'),
(3039, 5040, 338, 5, 'Review comment 36', '2025-08-29'),
(3040, 5041, 339, 5, 'Review comment 37', '2025-08-30'),
(3041, 5042, 340, 4, 'Review comment 38', '2025-08-31'),
(3042, 5043, 341, 4, 'Review comment 39', '2025-09-01'),
(3043, 5044, 342, 2, 'Review comment 40', '2025-09-02'),
(3044, 5045, 343, 4, 'Review comment 41', '2025-09-03'),
(3045, 5046, 344, 3, 'Review comment 42', '2025-09-04'),
(3046, 5047, 345, 2, 'Review comment 43', '2025-09-05'),
(3047, 5048, 346, 5, 'Review comment 44', '2025-09-06'),
(3048, 5049, 347, 4, 'Review comment 45', '2025-09-07'),
(3049, 5050, 348, 3, 'Review comment 46', '2025-09-08'),
(3050, 5051, 349, 4, 'Review comment 47', '2025-09-09'),
(3051, 5052, 350, 4, 'Review comment 48', '2025-09-10'),
(3052, 5053, 351, 2, 'Review comment 49', '2025-09-11'),
(3053, 5054, 352, 2, 'Review comment 50', '2025-09-12'),
(3054, 5055, 353, 4, 'Review comment 51', '2025-09-13'),
(3055, 5056, 354, 4, 'Review comment 52', '2025-09-14'),
(3056, 5057, 355, 4, 'Review comment 53', '2025-09-15'),
(3057, 5058, 356, 5, 'Review comment 54', '2025-09-16'),
(3058, 5059, 357, 3, 'Review comment 55', '2025-09-17'),
(3059, 5060, 358, 1, 'Review comment 56', '2025-09-18'),
(3060, 5061, 359, 4, 'Review comment 57', '2025-09-19'),
(3061, 5062, 360, 4, 'Review comment 58', '2025-09-20'),
(3062, 5063, 361, 2, 'Review comment 59', '2025-09-21'),
(3063, 5064, 362, 2, 'Review comment 60', '2025-09-22'),
(3064, 5065, 363, 2, 'Review comment 61', '2025-09-23'),
(3065, 5066, 364, 1, 'Review comment 62', '2025-09-24'),
(3066, 5067, 365, 2, 'Review comment 63', '2025-09-25'),
(3067, 5068, 366, 5, 'Review comment 64', '2025-09-26'),
(3068, 5069, 367, 1, 'Review comment 65', '2025-09-27'),
(3069, 5070, 368, 1, 'Review comment 66', '2025-09-28'),
(3070, 5071, 369, 4, 'Review comment 67', '2025-09-29'),
(3071, 5072, 370, 4, 'Review comment 68', '2025-09-30'),
(3072, 5073, 371, 5, 'Review comment 69', '2025-10-01'),
(3073, 5074, 372, 1, 'Review comment 70', '2025-10-02'),
(3074, 5075, 373, 4, 'Review comment 71', '2025-10-03'),
(3075, 5076, 374, 4, 'Review comment 72', '2025-10-04'),
(3076, 5077, 375, 4, 'Review comment 73', '2025-10-05'),
(3077, 5078, 376, 5, 'Review comment 74', '2025-10-06'),
(3078, 5079, 377, 1, 'Review comment 75', '2025-10-07'),
(3079, 5080, 378, 2, 'Review comment 76', '2025-10-08'),
(3080, 5081, 379, 3, 'Review comment 77', '2025-10-09'),
(3081, 5082, 380, 2, 'Review comment 78', '2025-10-10'),
(3082, 5083, 381, 3, 'Review comment 79', '2025-10-11'),
(3083, 5084, 382, 2, 'Review comment 80', '2025-10-12'),
(3084, 5085, 383, 4, 'Review comment 81', '2025-10-13'),
(3085, 5086, 384, 5, 'Review comment 82', '2025-10-14'),
(3086, 5087, 385, 3, 'Review comment 83', '2025-10-15'),
(3087, 5088, 386, 3, 'Review comment 84', '2025-10-16'),
(3088, 5089, 387, 2, 'Review comment 85', '2025-10-17'),
(3089, 5090, 388, 5, 'Review comment 86', '2025-10-18'),
(3090, 5091, 389, 5, 'Review comment 87', '2025-10-19'),
(3091, 5092, 390, 3, 'Review comment 88', '2025-10-20'),
(3092, 5093, 391, 4, 'Review comment 89', '2025-10-21'),
(3093, 5094, 392, 5, 'Review comment 90', '2025-10-22'),
(3094, 5095, 393, 4, 'Review comment 91', '2025-10-23'),
(3095, 5096, 394, 3, 'Review comment 92', '2025-10-24'),
(3096, 5097, 395, 2, 'Review comment 93', '2025-10-25'),
(3097, 5098, 396, 1, 'Review comment 94', '2025-10-26'),
(3098, 5099, 397, 2, 'Review comment 95', '2025-10-27'),
(3099, 5100, 398, 2, 'Review comment 96', '2025-10-28'),
(3100, 5101, 399, 5, 'Review comment 97', '2025-10-29'),
(3101, 5102, 400, 1, 'Review comment 98', '2025-10-30'),
(3102, 5103, 401, 1, 'Review comment 99', '2025-10-31'),
(3103, 5104, 402, 2, 'Review comment 100', '2025-11-01');
