"matrix_uuid","user_uuid"
"6c3bac9e-37d3-4f64-9242-5f5cbc041108","e81e17d1-2a7e-4b17-bbc1-79c6b8e768b4"
"6c3bac9e-37d3-4f64-9242-5f5cbc041108","e76cdd73-9271-4f3f-80ea-4eb60ef00a2f"
"ddcded80-b128-46a9-a26d-6cf9f692614b","66b55a0f-6043-485a-b9c9-89ef7c34c5aa"
"ddcded80-b128-46a9-a26d-6cf9f692614b","d63096a0-6fff-4fea-a6f0-7669d0a4a714"
"6c3bac9e-37d3-4f64-9242-5f5cbc041108","3a5b96aa-c097-401a-8fe8-0e655ea117ba"
"6c3bac9e-37d3-4f64-9242-5f5cbc041108","97662fee-bfeb-41ba-925d-af91bf002816"
"6c3bac9e-37d3-4f64-9242-5f5cbc041108","6a50aa47-82e9-4748-b448-fb6a4868b661"
"9c36bc48-3917-448d-98b4-c336cdbac451","170273a1-8e14-4652-9fd5-4a131aa61983"
"6c3bac9e-37d3-4f64-9242-5f5cbc041108","d5440a3f-ec99-44c9-84cd-af40aef4179c"
"6c3bac9e-37d3-4f64-9242-5f5cbc041108","7e573934-e57a-4fcd-a1b1-383700410fb0"
"6c3bac9e-37d3-4f64-9242-5f5cbc041108","f2f5e703-16b2-47e0-bb2a-99d979565e43"
"7000ddf4-8208-4b00-99e9-2015bcd5650d","0ae4ae16-636e-445e-8d84-703de1e01457"
"7000ddf4-8208-4b00-99e9-2015bcd5650d","b16f1f91-1741-4fe2-a68d-cdc43c8b9a48"
"6c3bac9e-37d3-4f64-9242-5f5cbc041108","cb51840e-5a0e-4fd7-b08d-9e369ddc3d23"
"9797098c-87ce-45bb-a5e9-653fca7b0d79","2dd4089a-e458-47a8-a520-26dbb2d2334f"
"9797098c-87ce-45bb-a5e9-653fca7b0d79","636e4c30-8497-410d-befe-657003399624"
"6c3bac9e-37d3-4f64-9242-5f5cbc041108","bde551dc-1186-4e10-9ea8-0cb9ef09e395"
"6c3bac9e-37d3-4f64-9242-5f5cbc041108","12dc8622-f50b-4ffa-8cfa-8f215ca3337d"
"6c3bac9e-37d3-4f64-9242-5f5cbc041108","2dd4089a-e458-47a8-a520-26dbb2d2334f"
"6c3bac9e-37d3-4f64-9242-5f5cbc041108","5a5455aa-0831-47e2-86ea-b9e306a58e8d"
"5a335cb6-be0d-4015-9da3-1ffafccaebc7","2dd4089a-e458-47a8-a520-26dbb2d2334f"
"9c36bc48-3917-448d-98b4-c336cdbac451","72529bc6-6520-40ad-bc6e-ca1a358462e7"
"9c36bc48-3917-448d-98b4-c336cdbac451","f2f5e703-16b2-47e0-bb2a-99d979565e43"
"5a335cb6-be0d-4015-9da3-1ffafccaebc7","e76cdd73-9271-4f3f-80ea-4eb60ef00a2f"
"9c36bc48-3917-448d-98b4-c336cdbac451","805abd67-fc24-4946-9f91-448dd65f0437"
"9c36bc48-3917-448d-98b4-c336cdbac451","3a5b96aa-c097-401a-8fe8-0e655ea117ba"
"69e707ab-ac7f-4b8d-865a-d8f57cc0ad54","b16f1f91-1741-4fe2-a68d-cdc43c8b9a48"
"9c36bc48-3917-448d-98b4-c336cdbac451","d7ee45a9-66f0-40d0-a665-bd4c292c6ca2"
"9c36bc48-3917-448d-98b4-c336cdbac451","4791233e-ebc6-415a-be2e-dfaef0347fe8"
"9c36bc48-3917-448d-98b4-c336cdbac451","97662fee-bfeb-41ba-925d-af91bf002816"
"9c36bc48-3917-448d-98b4-c336cdbac451","5a5455aa-0831-47e2-86ea-b9e306a58e8d"
"13b448df-c6ef-4113-a1ac-eeba76efd28d","6a50aa47-82e9-4748-b448-fb6a4868b661"
"9c36bc48-3917-448d-98b4-c336cdbac451","872fe006-6e65-415a-82ba-ce7619e6c281"
"13b448df-c6ef-4113-a1ac-eeba76efd28d","bde551dc-1186-4e10-9ea8-0cb9ef09e395"
"9c36bc48-3917-448d-98b4-c336cdbac451","6a50aa47-82e9-4748-b448-fb6a4868b661"
"9c36bc48-3917-448d-98b4-c336cdbac451","d5440a3f-ec99-44c9-84cd-af40aef4179c"
"13b448df-c6ef-4113-a1ac-eeba76efd28d","ffb60919-2570-4390-931c-98d56d08fbf6"
"13b448df-c6ef-4113-a1ac-eeba76efd28d","97662fee-bfeb-41ba-925d-af91bf002816"
"13b448df-c6ef-4113-a1ac-eeba76efd28d","d5440a3f-ec99-44c9-84cd-af40aef4179c"
"9c36bc48-3917-448d-98b4-c336cdbac451","799e85f3-8b3b-474b-9c00-9211f891fff7"
"9c36bc48-3917-448d-98b4-c336cdbac451","cb51840e-5a0e-4fd7-b08d-9e369ddc3d23"
"9c36bc48-3917-448d-98b4-c336cdbac451","2049df17-e30c-4132-a3e6-236b63abdf31"
"9c36bc48-3917-448d-98b4-c336cdbac451","bde551dc-1186-4e10-9ea8-0cb9ef09e395"
"9c36bc48-3917-448d-98b4-c336cdbac451","32cce5d5-d5e4-412c-813b-4811b5f0f996"
"9c36bc48-3917-448d-98b4-c336cdbac451","9b861f9b-36b4-424c-8e82-bc7c70732a0f"
"13b448df-c6ef-4113-a1ac-eeba76efd28d","f2f5e703-16b2-47e0-bb2a-99d979565e43"
"9c36bc48-3917-448d-98b4-c336cdbac451","98c3b277-df55-4b9a-a15c-9e2da5537509"
"9c36bc48-3917-448d-98b4-c336cdbac451","38a8191f-8678-4696-8215-beffa5d8c3d9"
"9c36bc48-3917-448d-98b4-c336cdbac451","6c083a9f-7fbd-4a66-a573-b19926f598c3"
"9c36bc48-3917-448d-98b4-c336cdbac451","87bcf46f-6bae-4409-9fe1-751dd4759e0c"
"9c36bc48-3917-448d-98b4-c336cdbac451","a57990fb-5015-444e-aac8-272e05f0c163"
"9c36bc48-3917-448d-98b4-c336cdbac451","78ca3fab-1f07-4bcf-a858-08bedc432374"
"9c36bc48-3917-448d-98b4-c336cdbac451","5081c123-3ca7-4dc2-9935-5ae42f230285"
"9c36bc48-3917-448d-98b4-c336cdbac451","64f3da00-772a-40ae-8563-89a3bcd49a51"
"9c36bc48-3917-448d-98b4-c336cdbac451","8e89d4bd-77f3-41ac-a60b-c53997924fa0"
"9c36bc48-3917-448d-98b4-c336cdbac451","e9256bb3-c42d-41fe-99be-de3fdf5d12a1"
"9c36bc48-3917-448d-98b4-c336cdbac451","7e573934-e57a-4fcd-a1b1-383700410fb0"
"9c36bc48-3917-448d-98b4-c336cdbac451","b5fe0126-3c80-4872-98ea-fb7e264f05e8"
"9c36bc48-3917-448d-98b4-c336cdbac451","72ab77f1-1155-491c-b42c-4bc9614e2366"
"9c36bc48-3917-448d-98b4-c336cdbac451","e7e8aa7a-56b2-4a23-9225-039178bea318"
"9c36bc48-3917-448d-98b4-c336cdbac451","853bcfea-79d9-4c53-99b4-75e59ef1b883"
"9c36bc48-3917-448d-98b4-c336cdbac451","d63096a0-6fff-4fea-a6f0-7669d0a4a714"
"9c36bc48-3917-448d-98b4-c336cdbac451","66b55a0f-6043-485a-b9c9-89ef7c34c5aa"
"9c36bc48-3917-448d-98b4-c336cdbac451","437d717f-4179-4e74-a934-f0b6cb54de52"
"ddcded80-b128-46a9-a26d-6cf9f692614b","6369d4f2-5db3-4c9f-b6c3-f7f565245b51"
"ddcded80-b128-46a9-a26d-6cf9f692614b","e81e17d1-2a7e-4b17-bbc1-79c6b8e768b4"
"ddcded80-b128-46a9-a26d-6cf9f692614b","72529bc6-6520-40ad-bc6e-ca1a358462e7"
"ddcded80-b128-46a9-a26d-6cf9f692614b","f2f5e703-16b2-47e0-bb2a-99d979565e43"
"ddcded80-b128-46a9-a26d-6cf9f692614b","805abd67-fc24-4946-9f91-448dd65f0437"
"ddcded80-b128-46a9-a26d-6cf9f692614b","3a5b96aa-c097-401a-8fe8-0e655ea117ba"
"7000ddf4-8208-4b00-99e9-2015bcd5650d","217b8807-d065-4ba0-9da3-b2969929a311"
"7000ddf4-8208-4b00-99e9-2015bcd5650d","16d0f66f-a2dc-4f8a-8b74-f94a5b484ed2"
"7000ddf4-8208-4b00-99e9-2015bcd5650d","9ba8e48c-4011-40f7-b914-da99a2edfba4"
"7000ddf4-8208-4b00-99e9-2015bcd5650d","74f5f603-5b5b-4cf1-8ebb-421fc9c51f3b"
"7000ddf4-8208-4b00-99e9-2015bcd5650d","1a9c1ec1-9ca4-444b-9b1c-6b272a1cefef"
"7000ddf4-8208-4b00-99e9-2015bcd5650d","8f5ad819-b6f7-4477-bc18-d22735277dc3"
"ddcded80-b128-46a9-a26d-6cf9f692614b","d7ee45a9-66f0-40d0-a665-bd4c292c6ca2"
"ddcded80-b128-46a9-a26d-6cf9f692614b","4791233e-ebc6-415a-be2e-dfaef0347fe8"
"ddcded80-b128-46a9-a26d-6cf9f692614b","97662fee-bfeb-41ba-925d-af91bf002816"
"9c36bc48-3917-448d-98b4-c336cdbac451","a6b08075-230e-490b-a68e-8dbfa2e80180"
"ddcded80-b128-46a9-a26d-6cf9f692614b","170273a1-8e14-4652-9fd5-4a131aa61983"
"ddcded80-b128-46a9-a26d-6cf9f692614b","5a5455aa-0831-47e2-86ea-b9e306a58e8d"
"ddcded80-b128-46a9-a26d-6cf9f692614b","872fe006-6e65-415a-82ba-ce7619e6c281"
"ddcded80-b128-46a9-a26d-6cf9f692614b","6a50aa47-82e9-4748-b448-fb6a4868b661"
"ddcded80-b128-46a9-a26d-6cf9f692614b","d5440a3f-ec99-44c9-84cd-af40aef4179c"
"ddcded80-b128-46a9-a26d-6cf9f692614b","799e85f3-8b3b-474b-9c00-9211f891fff7"
"ddcded80-b128-46a9-a26d-6cf9f692614b","cb51840e-5a0e-4fd7-b08d-9e369ddc3d23"
"ddcded80-b128-46a9-a26d-6cf9f692614b","2049df17-e30c-4132-a3e6-236b63abdf31"
"ddcded80-b128-46a9-a26d-6cf9f692614b","bde551dc-1186-4e10-9ea8-0cb9ef09e395"
"ddcded80-b128-46a9-a26d-6cf9f692614b","32cce5d5-d5e4-412c-813b-4811b5f0f996"
"ddcded80-b128-46a9-a26d-6cf9f692614b","9b861f9b-36b4-424c-8e82-bc7c70732a0f"
"ddcded80-b128-46a9-a26d-6cf9f692614b","98c3b277-df55-4b9a-a15c-9e2da5537509"
"ddcded80-b128-46a9-a26d-6cf9f692614b","9904ccab-b10a-4967-9fd7-5d2381f364d7"
"ddcded80-b128-46a9-a26d-6cf9f692614b","87bcf46f-6bae-4409-9fe1-751dd4759e0c"
"ddcded80-b128-46a9-a26d-6cf9f692614b","78ca3fab-1f07-4bcf-a858-08bedc432374"
"ddcded80-b128-46a9-a26d-6cf9f692614b","5081c123-3ca7-4dc2-9935-5ae42f230285"
"ddcded80-b128-46a9-a26d-6cf9f692614b","7e573934-e57a-4fcd-a1b1-383700410fb0"
"ddcded80-b128-46a9-a26d-6cf9f692614b","64f3da00-772a-40ae-8563-89a3bcd49a51"
"9c36bc48-3917-448d-98b4-c336cdbac451","e81e17d1-2a7e-4b17-bbc1-79c6b8e768b4"
"dacdb4c2-63b1-4dc2-8523-eb51c9bdab70","347db413-e572-4a20-8c3e-47a0f1dc2264"
"9c36bc48-3917-448d-98b4-c336cdbac451","a1fe9826-90bf-4e49-9637-0082223e7d3f"
"9ae506cf-3a99-4c61-82ab-a2c2fe76c6b1","e81e17d1-2a7e-4b17-bbc1-79c6b8e768b4"
"405a83eb-d477-49c1-8081-cf54d15cf5ef","da332b8a-0a67-4a81-b03a-f243bace2277"
"9ae506cf-3a99-4c61-82ab-a2c2fe76c6b1","3a5b96aa-c097-401a-8fe8-0e655ea117ba"
"9ae506cf-3a99-4c61-82ab-a2c2fe76c6b1","97662fee-bfeb-41ba-925d-af91bf002816"
"9ae506cf-3a99-4c61-82ab-a2c2fe76c6b1","d5440a3f-ec99-44c9-84cd-af40aef4179c"
"9ae506cf-3a99-4c61-82ab-a2c2fe76c6b1","7e573934-e57a-4fcd-a1b1-383700410fb0"
"9ae506cf-3a99-4c61-82ab-a2c2fe76c6b1","cb51840e-5a0e-4fd7-b08d-9e369ddc3d23"
"9ae506cf-3a99-4c61-82ab-a2c2fe76c6b1","2049df17-e30c-4132-a3e6-236b63abdf31"
"9ae506cf-3a99-4c61-82ab-a2c2fe76c6b1","bde551dc-1186-4e10-9ea8-0cb9ef09e395"
"9ae506cf-3a99-4c61-82ab-a2c2fe76c6b1","5a5455aa-0831-47e2-86ea-b9e306a58e8d"
"9ae506cf-3a99-4c61-82ab-a2c2fe76c6b1","6a50aa47-82e9-4748-b448-fb6a4868b661"
"9ae506cf-3a99-4c61-82ab-a2c2fe76c6b1","f2f5e703-16b2-47e0-bb2a-99d979565e43"
"9ae506cf-3a99-4c61-82ab-a2c2fe76c6b1","38a8191f-8678-4696-8215-beffa5d8c3d9"
"9ae506cf-3a99-4c61-82ab-a2c2fe76c6b1","6c083a9f-7fbd-4a66-a573-b19926f598c3"
"9ae506cf-3a99-4c61-82ab-a2c2fe76c6b1","72ab77f1-1155-491c-b42c-4bc9614e2366"
"9ae506cf-3a99-4c61-82ab-a2c2fe76c6b1","799e85f3-8b3b-474b-9c00-9211f891fff7"
"9ae506cf-3a99-4c61-82ab-a2c2fe76c6b1","a57990fb-5015-444e-aac8-272e05f0c163"
"9ae506cf-3a99-4c61-82ab-a2c2fe76c6b1","e9256bb3-c42d-41fe-99be-de3fdf5d12a1"
"9ae506cf-3a99-4c61-82ab-a2c2fe76c6b1","8e89d4bd-77f3-41ac-a60b-c53997924fa0"
"9ae506cf-3a99-4c61-82ab-a2c2fe76c6b1","805abd67-fc24-4946-9f91-448dd65f0437"
"9ae506cf-3a99-4c61-82ab-a2c2fe76c6b1","9b861f9b-36b4-424c-8e82-bc7c70732a0f"
"9ae506cf-3a99-4c61-82ab-a2c2fe76c6b1","e7e8aa7a-56b2-4a23-9225-039178bea318"
"9ae506cf-3a99-4c61-82ab-a2c2fe76c6b1","d7ee45a9-66f0-40d0-a665-bd4c292c6ca2"
"9ae506cf-3a99-4c61-82ab-a2c2fe76c6b1","32cce5d5-d5e4-412c-813b-4811b5f0f996"
"9ae506cf-3a99-4c61-82ab-a2c2fe76c6b1","72529bc6-6520-40ad-bc6e-ca1a358462e7"
"9ae506cf-3a99-4c61-82ab-a2c2fe76c6b1","4791233e-ebc6-415a-be2e-dfaef0347fe8"
"74b87113-f3df-46fc-9433-1ae3a23a145a","6c083a9f-7fbd-4a66-a573-b19926f598c3"
"74b87113-f3df-46fc-9433-1ae3a23a145a","72ab77f1-1155-491c-b42c-4bc9614e2366"
"74b87113-f3df-46fc-9433-1ae3a23a145a","38a8191f-8678-4696-8215-beffa5d8c3d9"
"74b87113-f3df-46fc-9433-1ae3a23a145a","e9256bb3-c42d-41fe-99be-de3fdf5d12a1"
"9ae506cf-3a99-4c61-82ab-a2c2fe76c6b1","98c3b277-df55-4b9a-a15c-9e2da5537509"
"74b87113-f3df-46fc-9433-1ae3a23a145a","a57990fb-5015-444e-aac8-272e05f0c163"
"ddcded80-b128-46a9-a26d-6cf9f692614b","a6b08075-230e-490b-a68e-8dbfa2e80180"
"74b87113-f3df-46fc-9433-1ae3a23a145a","6a50aa47-82e9-4748-b448-fb6a4868b661"
"9ae506cf-3a99-4c61-82ab-a2c2fe76c6b1","78ca3fab-1f07-4bcf-a858-08bedc432374"
"74b87113-f3df-46fc-9433-1ae3a23a145a","cb51840e-5a0e-4fd7-b08d-9e369ddc3d23"
"9ae506cf-3a99-4c61-82ab-a2c2fe76c6b1","19170b6b-bfe6-4d89-81f6-b6b6b00f9ee7"
"74b87113-f3df-46fc-9433-1ae3a23a145a","e81e17d1-2a7e-4b17-bbc1-79c6b8e768b4"
"74b87113-f3df-46fc-9433-1ae3a23a145a","97662fee-bfeb-41ba-925d-af91bf002816"
"74b87113-f3df-46fc-9433-1ae3a23a145a","799e85f3-8b3b-474b-9c00-9211f891fff7"
"9ae506cf-3a99-4c61-82ab-a2c2fe76c6b1","87bcf46f-6bae-4409-9fe1-751dd4759e0c"
"9ae506cf-3a99-4c61-82ab-a2c2fe76c6b1","64f3da00-772a-40ae-8563-89a3bcd49a51"
"74b87113-f3df-46fc-9433-1ae3a23a145a","5a5455aa-0831-47e2-86ea-b9e306a58e8d"
"74b87113-f3df-46fc-9433-1ae3a23a145a","bde551dc-1186-4e10-9ea8-0cb9ef09e395"
"74b87113-f3df-46fc-9433-1ae3a23a145a","2dd4089a-e458-47a8-a520-26dbb2d2334f"
"74b87113-f3df-46fc-9433-1ae3a23a145a","e76cdd73-9271-4f3f-80ea-4eb60ef00a2f"
"74b87113-f3df-46fc-9433-1ae3a23a145a","7e573934-e57a-4fcd-a1b1-383700410fb0"
"9ae506cf-3a99-4c61-82ab-a2c2fe76c6b1","5081c123-3ca7-4dc2-9935-5ae42f230285"
"74b87113-f3df-46fc-9433-1ae3a23a145a","86071bc0-363e-48a2-b30d-54ccd45ef02e"
"9ae506cf-3a99-4c61-82ab-a2c2fe76c6b1","9904ccab-b10a-4967-9fd7-5d2381f364d7"
"74b87113-f3df-46fc-9433-1ae3a23a145a","d5440a3f-ec99-44c9-84cd-af40aef4179c"
"9ae506cf-3a99-4c61-82ab-a2c2fe76c6b1","6369d4f2-5db3-4c9f-b6c3-f7f565245b51"
"9ae506cf-3a99-4c61-82ab-a2c2fe76c6b1","872fe006-6e65-415a-82ba-ce7619e6c281"
"9ae506cf-3a99-4c61-82ab-a2c2fe76c6b1","b9f46b91-7669-484b-8273-6700a32c0536"
"ddcded80-b128-46a9-a26d-6cf9f692614b","b5fe0126-3c80-4872-98ea-fb7e264f05e8"
"3d5ac3aa-8479-465e-89d3-b1990bb94094","787157c0-d157-41d9-87c4-185cf1eca83e"
"3d5ac3aa-8479-465e-89d3-b1990bb94094","6e91e36c-6405-4171-a536-9091300a7b4c"
"3d5ac3aa-8479-465e-89d3-b1990bb94094","dba27d68-496c-45c3-a99d-1975255de7a7"
"3d5ac3aa-8479-465e-89d3-b1990bb94094","b16f1f91-1741-4fe2-a68d-cdc43c8b9a48"
"3d5ac3aa-8479-465e-89d3-b1990bb94094","76cbd4cf-ae28-434f-a91b-d379e8f79191"
"3d5ac3aa-8479-465e-89d3-b1990bb94094","69257ce5-1a87-4637-a79e-8a674441bfc9"
