"matrix_status_uuid","matrix_uuid","status","created_date","created_by","modified_date","modified_by","matrix_date","co_process_status_id","co_process_status_name","action","excludelocation"
"5b542a7d-e1f4-4f11-8cbb-8371da466946","0c72df78-4ff2-4e98-ae06-1ff845dd09b0",1,"2024-12-31 22:01:00.612415+00",NULL,NULL,NULL,"2025-01-01",NULL,NULL,NULL,NULL
"6c85559d-64fd-4591-9a2a-2b4276629acb","405a83eb-d477-49c1-8081-cf54d15cf5ef",1,"2024-12-31 22:01:00.612415+00",NULL,NULL,NULL,"2025-01-01",NULL,NULL,NULL,NULL
"36f18ea8-022c-41fe-acc1-8f89c319e10a","ddcded80-b128-46a9-a26d-6cf9f692614b",2,"2024-12-31 22:01:00.612415+00",NULL,NULL,"f1354a8b-5269-46f2-88af-dfd25782d329","2025-01-01",3,"generated","auto",""
"8a1d3bc2-e2c6-4c55-b963-5bf78970e049","7000ddf4-8208-4b00-99e9-2015bcd5650d",1,"2024-12-31 22:01:00.62059+00",NULL,NULL,"e9417d40-4119-4720-9986-a9f962fa198e","2025-01-01",3,"generated","auto",""
"3f3396bb-b2b0-4a60-b7c6-1f2c0e3e24e5","0c72df78-4ff2-4e98-ae06-1ff845dd09b0",1,"2025-01-05 22:01:50.438965+00",NULL,NULL,NULL,"2025-01-06",NULL,NULL,NULL,NULL
"f64abfcb-7e31-4672-a27b-865ffdbf61c3","9c36bc48-3917-448d-98b4-c336cdbac451",2,"2024-12-31 22:01:00.612415+00",NULL,NULL,"da332b8a-0a67-4a81-b03a-f243bace2277","2025-01-01",3,"generated","auto",""
"464138cf-8526-4870-b527-a36750693e9c","3d5ac3aa-8479-465e-89d3-b1990bb94094",2,"2024-12-31 22:01:00.594322+00",NULL,NULL,"217b8807-d065-4ba0-9da3-b2969929a311","2025-01-01",3,"generated","auto",""
"83b4c75a-1c7f-4bcc-ba02-f8bec77bc78e","0c72df78-4ff2-4e98-ae06-1ff845dd09b0",1,"2025-01-01 22:01:19.484216+00",NULL,NULL,NULL,"2025-01-02",NULL,NULL,NULL,NULL
"1a611227-4d5e-4a20-8c16-a86d7af8e173","405a83eb-d477-49c1-8081-cf54d15cf5ef",1,"2025-01-01 22:01:19.484216+00",NULL,NULL,NULL,"2025-01-02",NULL,NULL,NULL,NULL
"5e232634-38b0-4e20-9e50-a0d6538dd9b2","7000ddf4-8208-4b00-99e9-2015bcd5650d",1,"2025-01-03 22:01:43.702682+00",NULL,NULL,"e9417d40-4119-4720-9986-a9f962fa198e","2025-01-04",3,"generated","auto",""
"d35f63c1-3d3b-4282-8b97-5d51df903d31","405a83eb-d477-49c1-8081-cf54d15cf5ef",1,"2025-01-05 22:01:50.438965+00",NULL,NULL,NULL,"2025-01-06",NULL,NULL,NULL,NULL
"55bcd57f-f2f4-40d4-afd4-0eafa945d330","9c36bc48-3917-448d-98b4-c336cdbac451",2,"2025-01-03 22:01:43.697104+00",NULL,NULL,"da332b8a-0a67-4a81-b03a-f243bace2277","2025-01-04",3,"generated","auto",""
"be49757e-7c1d-4d92-8769-1b833667890e","7000ddf4-8208-4b00-99e9-2015bcd5650d",1,"2025-01-01 22:01:19.476431+00",NULL,NULL,"e9417d40-4119-4720-9986-a9f962fa198e","2025-01-02",3,"generated","auto",""
"01e718f3-0b1e-4283-9bfe-1bb47a1dd26a","9c36bc48-3917-448d-98b4-c336cdbac451",2,"2025-01-06 22:01:52.190529+00",NULL,NULL,"da332b8a-0a67-4a81-b03a-f243bace2277","2025-01-07",3,"generated","auto",""
"34974327-ae9f-41d1-b5fc-14a3f4da4105","9c36bc48-3917-448d-98b4-c336cdbac451",2,"2025-01-01 22:01:19.484216+00",NULL,NULL,"da332b8a-0a67-4a81-b03a-f243bace2277","2025-01-02",3,"generated","auto",""
"a7829c4e-a280-495f-8f04-a1e75548e0f8","3d5ac3aa-8479-465e-89d3-b1990bb94094",2,"2025-01-03 22:01:43.674049+00",NULL,NULL,"217b8807-d065-4ba0-9da3-b2969929a311","2025-01-04",3,"generated","auto",""
"8fd3e6ac-05ac-4abb-b86e-658d6c409721","0c72df78-4ff2-4e98-ae06-1ff845dd09b0",1,"2025-01-10 22:01:17.937022+00",NULL,NULL,NULL,"2025-01-11",NULL,NULL,NULL,NULL
"d8efb68f-1ad8-4f33-b5f6-893ce534785d","3d5ac3aa-8479-465e-89d3-b1990bb94094",2,"2025-01-01 22:01:19.451659+00",NULL,NULL,"217b8807-d065-4ba0-9da3-b2969929a311","2025-01-02",3,"generated","auto",""
"b34bfe1d-e961-428f-85f5-cf29b7ae10a8","7000ddf4-8208-4b00-99e9-2015bcd5650d",1,"2025-01-07 22:01:53.700062+00",NULL,NULL,"e9417d40-4119-4720-9986-a9f962fa198e","2025-01-08",3,"generated","auto",""
"fd80eaab-2140-40b9-9ecf-490f4f3f1a72","7000ddf4-8208-4b00-99e9-2015bcd5650d",1,"2025-01-05 22:01:50.412959+00",NULL,NULL,"e9417d40-4119-4720-9986-a9f962fa198e","2025-01-06",3,"generated","auto",""
"7e701f2a-5d5d-450f-ba55-01ca1b6f1396","3d5ac3aa-8479-465e-89d3-b1990bb94094",2,"2025-01-06 22:01:52.165254+00",NULL,NULL,"217b8807-d065-4ba0-9da3-b2969929a311","2025-01-07",3,"generated","auto",""
"370c23a1-8332-4317-8dfe-867a2b03372d","ddcded80-b128-46a9-a26d-6cf9f692614b",2,"2025-01-03 22:01:43.697104+00",NULL,NULL,"d091958c-8e4c-4940-8dd7-598dd0c67f7e","2025-01-04",3,"generated","auto",""
"21f597f0-97af-4a4b-b613-ea2079d70273","ddcded80-b128-46a9-a26d-6cf9f692614b",2,"2025-01-01 22:01:19.484216+00",NULL,NULL,"ff36e613-7d83-4dd3-9160-10a3bc8e5b6d","2025-01-02",3,"generated","auto",""
"63e40e6b-146f-47f5-b575-e2b8b57020df","0c72df78-4ff2-4e98-ae06-1ff845dd09b0",1,"2025-01-02 22:01:36.090343+00",NULL,NULL,NULL,"2025-01-03",NULL,NULL,NULL,NULL
"cea24b55-3144-4804-97da-1c44d5d7369e","405a83eb-d477-49c1-8081-cf54d15cf5ef",1,"2025-01-02 22:01:36.090343+00",NULL,NULL,NULL,"2025-01-03",NULL,NULL,NULL,NULL
"4fd7181a-aee1-4c2e-b9e5-0cbb1c38e00a","9c36bc48-3917-448d-98b4-c336cdbac451",2,"2025-01-05 22:01:50.438965+00",NULL,NULL,"da332b8a-0a67-4a81-b03a-f243bace2277","2025-01-06",3,"generated","auto",""
"c5c8584e-2556-4648-afd3-2db6b7bae370","0c72df78-4ff2-4e98-ae06-1ff845dd09b0",1,"2025-01-04 22:02:15.72088+00",NULL,NULL,NULL,"2025-01-05",NULL,NULL,NULL,NULL
"a2823aec-acaa-4301-938a-ec04c22defeb","7000ddf4-8208-4b00-99e9-2015bcd5650d",1,"2025-01-02 22:01:36.015175+00",NULL,NULL,"e9417d40-4119-4720-9986-a9f962fa198e","2025-01-03",3,"generated","auto",""
"35e14554-0b51-49c3-96a8-e4629f1bbda8","405a83eb-d477-49c1-8081-cf54d15cf5ef",1,"2025-01-04 22:02:15.72088+00",NULL,NULL,NULL,"2025-01-05",NULL,NULL,NULL,NULL
"978b7a5e-99db-4770-b7f9-a4d6ed392371","9c36bc48-3917-448d-98b4-c336cdbac451",2,"2025-01-02 22:01:36.090343+00",NULL,NULL,"da332b8a-0a67-4a81-b03a-f243bace2277","2025-01-03",3,"generated","auto",""
"369a77f7-1750-449f-9ea5-7f5d405ab65e","0c72df78-4ff2-4e98-ae06-1ff845dd09b0",1,"2025-01-08 22:01:12.037459+00",NULL,NULL,NULL,"2025-01-09",NULL,NULL,NULL,NULL
"5b0549e7-48b7-4298-9079-c1be25b624aa","9c36bc48-3917-448d-98b4-c336cdbac451",2,"2025-01-07 22:01:53.770641+00",NULL,NULL,"da332b8a-0a67-4a81-b03a-f243bace2277","2025-01-08",3,"generated","auto",""
"08386f2b-2c0d-4058-9bdc-3757203a5b91","405a83eb-d477-49c1-8081-cf54d15cf5ef",1,"2025-01-08 22:01:12.037459+00",NULL,NULL,NULL,"2025-01-09",NULL,NULL,NULL,NULL
"300f0fe2-eda5-44b8-abc4-1a6891adf24a","3d5ac3aa-8479-465e-89d3-b1990bb94094",2,"2025-01-02 22:01:35.967951+00",NULL,NULL,"217b8807-d065-4ba0-9da3-b2969929a311","2025-01-03",3,"generated","auto",""
"f7c9776d-b35d-402b-b00b-50d5d3d60153","7000ddf4-8208-4b00-99e9-2015bcd5650d",1,"2025-01-04 22:02:15.600817+00",NULL,NULL,"e9417d40-4119-4720-9986-a9f962fa198e","2025-01-05",3,"generated","auto",""
"e5abb4f0-aa96-41bd-97f9-77c3a8f87270","3d5ac3aa-8479-465e-89d3-b1990bb94094",2,"2025-01-05 22:01:50.39083+00",NULL,NULL,"286b01b3-0f42-478c-8be2-2ee41269f60d","2025-01-06",3,"generated","auto",""
"3daf10b0-0769-4d6b-9399-b15a3d89b477","9c36bc48-3917-448d-98b4-c336cdbac451",2,"2025-01-04 22:02:15.72088+00",NULL,NULL,"da332b8a-0a67-4a81-b03a-f243bace2277","2025-01-05",3,"generated","auto",""
"75902e19-f470-46fb-800e-7b6027e19020","ddcded80-b128-46a9-a26d-6cf9f692614b",2,"2025-01-02 22:01:36.090343+00",NULL,NULL,"ff36e613-7d83-4dd3-9160-10a3bc8e5b6d","2025-01-03",3,"generated","auto",""
"48bb9508-f32d-4c0a-8be1-9b410d48327f","0c72df78-4ff2-4e98-ae06-1ff845dd09b0",1,"2025-01-03 22:01:43.697104+00",NULL,NULL,NULL,"2025-01-04",NULL,NULL,NULL,NULL
"b6bede9a-2d97-4a2f-8984-7db5d75daf2d","405a83eb-d477-49c1-8081-cf54d15cf5ef",1,"2025-01-03 22:01:43.697104+00",NULL,NULL,NULL,"2025-01-04",NULL,NULL,NULL,NULL
"82c74b6d-1d74-4a03-ad91-2505544c834b","ddcded80-b128-46a9-a26d-6cf9f692614b",2,"2025-01-06 22:01:52.190529+00",NULL,NULL,"25f6c3a0-2a59-4535-bcd9-2200e9fbdd9c","2025-01-07",3,"generated","auto",""
"0110558a-168c-463e-ad60-0b29332e3787","ddcded80-b128-46a9-a26d-6cf9f692614b",2,"2025-01-05 22:01:50.438965+00",NULL,NULL,"d091958c-8e4c-4940-8dd7-598dd0c67f7e","2025-01-06",3,"generated","auto",""
"71cd1b28-897f-4e04-b52b-42205a190204","3d5ac3aa-8479-465e-89d3-b1990bb94094",2,"2025-01-04 22:02:15.554188+00",NULL,NULL,"286b01b3-0f42-478c-8be2-2ee41269f60d","2025-01-05",3,"generated","auto",""
"6843f3f4-d113-443a-9f04-75c51ae3ca08","0c72df78-4ff2-4e98-ae06-1ff845dd09b0",1,"2025-01-06 22:01:52.190529+00",NULL,NULL,NULL,"2025-01-07",NULL,NULL,NULL,NULL
"6aa395a9-2370-4b60-8f8f-a79750cc21a0","405a83eb-d477-49c1-8081-cf54d15cf5ef",1,"2025-01-06 22:01:52.190529+00",NULL,NULL,NULL,"2025-01-07",NULL,NULL,NULL,NULL
"cc4ed046-af47-43fe-8d77-3df751ad96b0","ddcded80-b128-46a9-a26d-6cf9f692614b",2,"2025-01-04 22:02:15.72088+00",NULL,NULL,"25f6c3a0-2a59-4535-bcd9-2200e9fbdd9c","2025-01-05",3,"generated","auto",""
"a0bd7e51-6957-42fe-b8d4-43dd48571999","7000ddf4-8208-4b00-99e9-2015bcd5650d",1,"2025-01-09 22:01:15.624108+00",NULL,NULL,"e9417d40-4119-4720-9986-a9f962fa198e","2025-01-10",3,"generated","auto",""
"e7d44bc8-22fe-4454-bc13-d537bc1c2c6c","3d5ac3aa-8479-465e-89d3-b1990bb94094",2,"2025-01-09 22:01:15.569931+00",NULL,NULL,"217b8807-d065-4ba0-9da3-b2969929a311","2025-01-10",3,"generated","auto",""
"86a09c2f-7051-4350-bb3f-1da26f0ee0f8","3d5ac3aa-8479-465e-89d3-b1990bb94094",2,"2025-01-07 22:01:53.671609+00",NULL,NULL,"217b8807-d065-4ba0-9da3-b2969929a311","2025-01-08",3,"generated","auto",""
"3a878851-19b5-45f7-8a12-245eb9517817","ddcded80-b128-46a9-a26d-6cf9f692614b",2,"2025-01-08 22:01:12.037459+00",NULL,NULL,"25f6c3a0-2a59-4535-bcd9-2200e9fbdd9c","2025-01-09",3,"generated","auto",""
"c94e6781-5d49-4678-aaf4-cdcfa6e86d01","7000ddf4-8208-4b00-99e9-2015bcd5650d",1,"2025-01-08 22:01:11.950729+00",NULL,NULL,"e9417d40-4119-4720-9986-a9f962fa198e","2025-01-09",3,"generated","auto",""
"5fb8aa3d-dda8-4311-bc8d-05eeabfe0de1","7000ddf4-8208-4b00-99e9-2015bcd5650d",1,"2025-01-06 22:01:52.203389+00",NULL,NULL,"e9417d40-4119-4720-9986-a9f962fa198e","2025-01-07",3,"generated","auto",""
"87bca4f0-8337-4f5e-bfb3-c7e40ee3eba4","0c72df78-4ff2-4e98-ae06-1ff845dd09b0",1,"2025-01-09 22:01:15.566+00",NULL,NULL,NULL,"2025-01-10",NULL,NULL,NULL,NULL
"157191d0-6111-4ad8-9859-cc1e0039d996","0c72df78-4ff2-4e98-ae06-1ff845dd09b0",1,"2025-01-07 22:01:53.770641+00",NULL,NULL,NULL,"2025-01-08",NULL,NULL,NULL,NULL
"b4b0d6ab-e97b-4c2d-932b-4d54b505c044","405a83eb-d477-49c1-8081-cf54d15cf5ef",1,"2025-01-07 22:01:53.770641+00",NULL,NULL,NULL,"2025-01-08",NULL,NULL,NULL,NULL
"28fb8285-4fc8-48e4-9cdf-d4248620935a","9c36bc48-3917-448d-98b4-c336cdbac451",2,"2025-01-08 16:24:40.362022+00",NULL,NULL,"da332b8a-0a67-4a81-b03a-f243bace2277","2025-01-09",3,"generated","auto",""
"30480259-d08a-426b-a8fb-e99cb287dc8d","ddcded80-b128-46a9-a26d-6cf9f692614b",2,"2025-01-07 22:01:53.770641+00",NULL,NULL,"d091958c-8e4c-4940-8dd7-598dd0c67f7e","2025-01-08",3,"generated","auto",""
"51b1099b-1652-4b3b-b71e-c84539047fba","405a83eb-d477-49c1-8081-cf54d15cf5ef",1,"2025-01-09 22:01:15.566+00",NULL,NULL,NULL,"2025-01-10",NULL,NULL,NULL,NULL
"be41e10d-0862-4b2a-92db-6bad1db3b57c","3d5ac3aa-8479-465e-89d3-b1990bb94094",2,"2025-01-08 22:01:11.928455+00",NULL,NULL,"217b8807-d065-4ba0-9da3-b2969929a311","2025-01-09",3,"generated","auto",""
"3006a65c-5868-4761-9b8f-b8262a530915","405a83eb-d477-49c1-8081-cf54d15cf5ef",1,"2025-01-10 22:01:17.937022+00",NULL,NULL,NULL,"2025-01-11",NULL,NULL,NULL,NULL
"e7a77fe7-b696-4827-9841-0f27e36036ba","9c36bc48-3917-448d-98b4-c336cdbac451",2,"2025-01-09 22:01:15.566+00",NULL,NULL,"da332b8a-0a67-4a81-b03a-f243bace2277","2025-01-10",3,"generated","auto",""
"5c510869-a4de-4636-8eae-64b5052e845f","ddcded80-b128-46a9-a26d-6cf9f692614b",2,"2025-01-09 22:01:15.566+00",NULL,NULL,"f1354a8b-5269-46f2-88af-dfd25782d329","2025-01-10",3,"generated","auto",""
"530b504e-d672-4c96-9405-210c712d33a0","3d5ac3aa-8479-465e-89d3-b1990bb94094",2,"2025-01-10 22:01:17.863219+00",NULL,NULL,"217b8807-d065-4ba0-9da3-b2969929a311","2025-01-11",3,"generated","auto",""
"8ca1f1bb-0841-4094-88d8-fc97135dd5a6","ddcded80-b128-46a9-a26d-6cf9f692614b",2,"2025-01-10 22:01:17.937022+00",NULL,NULL,"d091958c-8e4c-4940-8dd7-598dd0c67f7e","2025-01-11",3,"generated","auto",""
"438140cf-75a9-4582-a82f-3eacba3379e0","7000ddf4-8208-4b00-99e9-2015bcd5650d",1,"2025-01-10 22:01:17.893658+00",NULL,NULL,"e9417d40-4119-4720-9986-a9f962fa198e","2025-01-11",3,"generated","auto",""
"b4bb6599-f8f7-4ad2-b49c-7c9be84aeecc","9c36bc48-3917-448d-98b4-c336cdbac451",2,"2025-01-10 22:01:17.937022+00",NULL,NULL,"da332b8a-0a67-4a81-b03a-f243bace2277","2025-01-11",3,"generated","auto",""
"c6f41a78-d0dd-4abc-a706-308b477a7d70","0c72df78-4ff2-4e98-ae06-1ff845dd09b0",1,"2025-01-11 22:01:33.887273+00",NULL,NULL,NULL,"2025-01-12",NULL,NULL,NULL,NULL
"239e7a5e-cef1-41b6-822f-707faa28358c","405a83eb-d477-49c1-8081-cf54d15cf5ef",1,"2025-01-11 22:01:33.887273+00",NULL,NULL,NULL,"2025-01-12",NULL,NULL,NULL,NULL
"4b0c8957-1929-4ace-8fd2-777c8ed14148","3d5ac3aa-8479-465e-89d3-b1990bb94094",2,"2025-01-16 22:01:41.679675+00",NULL,NULL,"217b8807-d065-4ba0-9da3-b2969929a311","2025-01-17",3,"generated","auto",""
"b661f1eb-dd96-4422-98a7-77f2a49c6991","9c36bc48-3917-448d-98b4-c336cdbac451",2,"2025-01-15 22:01:29.096925+00",NULL,NULL,"da332b8a-0a67-4a81-b03a-f243bace2277","2025-01-16",3,"generated","auto",""
"3661ea3b-af76-4a1c-a83e-843a0b6d6156","3d5ac3aa-8479-465e-89d3-b1990bb94094",2,"2025-01-13 22:01:11.452164+00",NULL,NULL,"217b8807-d065-4ba0-9da3-b2969929a311","2025-01-14",3,"generated","auto",""
"9b5e88c4-b7af-43f0-a784-f4d2b0a806ce","ddcded80-b128-46a9-a26d-6cf9f692614b",2,"2025-01-19 22:01:43.669871+00",NULL,NULL,"d091958c-8e4c-4940-8dd7-598dd0c67f7e","2025-01-20",3,"generated","auto",""
"1c600ada-bb60-4cd2-8c52-579fcfa82304","7000ddf4-8208-4b00-99e9-2015bcd5650d",1,"2025-01-11 22:01:33.904417+00",NULL,NULL,"e9417d40-4119-4720-9986-a9f962fa198e","2025-01-12",3,"generated","auto",""
"fd28cd92-16a0-4542-93b1-9400eb4a32e9","3d5ac3aa-8479-465e-89d3-b1990bb94094",2,"2025-01-18 22:01:26.268488+00",NULL,NULL,"217b8807-d065-4ba0-9da3-b2969929a311","2025-01-19",3,"generated","auto",""
"89b5c3dd-e527-48a3-aec5-04357c6cdc36","9c36bc48-3917-448d-98b4-c336cdbac451",2,"2025-01-11 22:01:33.887273+00",NULL,NULL,"da332b8a-0a67-4a81-b03a-f243bace2277","2025-01-12",3,"generated","auto",""
"e2c1a644-bd6c-441e-9797-f914bf85d955","ddcded80-b128-46a9-a26d-6cf9f692614b",2,"2025-01-17 22:01:33.822798+00",NULL,NULL,"d091958c-8e4c-4940-8dd7-598dd0c67f7e","2025-01-18",3,"generated","auto",""
"1081b5e6-9432-4933-87da-9c950441577a","ddcded80-b128-46a9-a26d-6cf9f692614b",2,"2025-01-13 22:01:11.500715+00",NULL,NULL,"568ec7ab-2e1e-4751-8488-14577ea5ede6","2025-01-14",3,"generated","auto",""
"c5a6f33a-6f10-4324-a4f2-463aa238f92f","0c72df78-4ff2-4e98-ae06-1ff845dd09b0",1,"2025-01-14 22:01:13.489597+00",NULL,NULL,NULL,"2025-01-15",NULL,NULL,NULL,NULL
"23be13c1-a2f3-49ba-bab8-1910b5e3ca14","3d5ac3aa-8479-465e-89d3-b1990bb94094",2,"2025-01-11 22:01:33.875864+00",NULL,NULL,"286b01b3-0f42-478c-8be2-2ee41269f60d","2025-01-12",3,"generated","auto",""
"171ae4e6-8a3c-42ea-a528-fe0e880133d2","405a83eb-d477-49c1-8081-cf54d15cf5ef",1,"2025-01-14 22:01:13.489597+00",NULL,NULL,NULL,"2025-01-15",NULL,NULL,NULL,NULL
"f94bab69-6d19-47c8-9816-e348c38ed377","ddcded80-b128-46a9-a26d-6cf9f692614b",2,"2025-01-11 22:01:33.887273+00",NULL,NULL,"25f6c3a0-2a59-4535-bcd9-2200e9fbdd9c","2025-01-12",3,"generated","auto",""
"031136ae-430b-4078-ac37-d4d825a8cb97","0c72df78-4ff2-4e98-ae06-1ff845dd09b0",1,"2025-01-12 22:01:09.139213+00",NULL,NULL,NULL,"2025-01-13",NULL,NULL,NULL,NULL
"c890e4ab-ff2c-487b-8da6-9b97df4950cd","405a83eb-d477-49c1-8081-cf54d15cf5ef",1,"2025-01-12 22:01:09.139213+00",NULL,NULL,NULL,"2025-01-13",NULL,NULL,NULL,NULL
"e535dc9f-c63b-48cb-a5e8-e87433511a11","3d5ac3aa-8479-465e-89d3-b1990bb94094",2,"2025-01-15 22:01:29.080307+00",NULL,NULL,"217b8807-d065-4ba0-9da3-b2969929a311","2025-01-16",3,"generated","auto",""
"0797cbbc-2589-4229-8a04-18a39cedcc88","ddcded80-b128-46a9-a26d-6cf9f692614b",2,"2025-01-16 22:01:41.796309+00",NULL,NULL,"25f6c3a0-2a59-4535-bcd9-2200e9fbdd9c","2025-01-17",3,"generated","auto",""
"207e039b-80af-4db3-87a1-366480650111","0c72df78-4ff2-4e98-ae06-1ff845dd09b0",1,"2025-01-17 22:01:33.822798+00",NULL,NULL,NULL,"2025-01-18",NULL,NULL,NULL,NULL
"10c8a896-0f04-4126-882f-9e9863cf0647","7000ddf4-8208-4b00-99e9-2015bcd5650d",1,"2025-01-12 22:01:09.124002+00",NULL,NULL,"e9417d40-4119-4720-9986-a9f962fa198e","2025-01-13",3,"generated","auto",""
"148ef809-3d94-4e8c-94b9-8622cd50006b","7000ddf4-8208-4b00-99e9-2015bcd5650d",1,"2025-01-14 22:01:13.490593+00",NULL,NULL,"e9417d40-4119-4720-9986-a9f962fa198e","2025-01-15",3,"generated","auto",""
"6eda131d-648e-46e6-ad7a-de7d93bdeda9","9c36bc48-3917-448d-98b4-c336cdbac451",2,"2025-01-12 22:01:09.139213+00",NULL,NULL,"da332b8a-0a67-4a81-b03a-f243bace2277","2025-01-13",3,"generated","auto",""
"2fbcd3aa-7065-4b40-b6fb-a1239c6c564e","ddcded80-b128-46a9-a26d-6cf9f692614b",2,"2025-01-15 22:01:29.096925+00",NULL,NULL,"25f6c3a0-2a59-4535-bcd9-2200e9fbdd9c","2025-01-16",3,"generated","auto",""
"82ae9425-e932-4b7e-bba9-a7357281d225","9c36bc48-3917-448d-98b4-c336cdbac451",2,"2025-01-14 22:01:13.489597+00",NULL,NULL,"da332b8a-0a67-4a81-b03a-f243bace2277","2025-01-15",3,"generated","auto",""
"d8d9a2e6-bc11-489b-97ac-c957fb336dd0","3d5ac3aa-8479-465e-89d3-b1990bb94094",2,"2025-01-12 22:01:09.088526+00",NULL,NULL,"217b8807-d065-4ba0-9da3-b2969929a311","2025-01-13",3,"generated","auto",""
"ff683091-718f-4b95-9b2d-f06c4e9c25d9","405a83eb-d477-49c1-8081-cf54d15cf5ef",1,"2025-01-17 22:01:33.822798+00",NULL,NULL,NULL,"2025-01-18",NULL,NULL,NULL,NULL
"4991555b-b789-4eec-b2d8-2a4f844b3a2b","0c72df78-4ff2-4e98-ae06-1ff845dd09b0",1,"2025-01-16 22:01:41.796309+00",NULL,NULL,NULL,"2025-01-17",NULL,NULL,NULL,NULL
"6699d3ca-27c7-4497-ba6a-f263e0d0245c","3d5ac3aa-8479-465e-89d3-b1990bb94094",2,"2025-01-14 22:01:13.452882+00",NULL,NULL,"286b01b3-0f42-478c-8be2-2ee41269f60d","2025-01-15",3,"generated","auto",""
"8fd5c5f1-eedd-4bd6-a2ce-0f160447108c","ddcded80-b128-46a9-a26d-6cf9f692614b",2,"2025-01-12 22:01:09.139213+00",NULL,NULL,"25f6c3a0-2a59-4535-bcd9-2200e9fbdd9c","2025-01-13",3,"generated","auto",""
"a61ac8df-3483-4cd9-bec1-63a85b3b08ee","0c72df78-4ff2-4e98-ae06-1ff845dd09b0",1,"2025-01-13 22:01:11.500715+00",NULL,NULL,NULL,"2025-01-14",NULL,NULL,NULL,NULL
"5a1ef85c-ee29-4ffd-aece-1abd3d6afb35","405a83eb-d477-49c1-8081-cf54d15cf5ef",1,"2025-01-13 22:01:11.500715+00",NULL,NULL,NULL,"2025-01-14",NULL,NULL,NULL,NULL
"25bc2663-ef3e-4942-aea3-3b0ad77e6a40","405a83eb-d477-49c1-8081-cf54d15cf5ef",1,"2025-01-16 22:01:41.796309+00",NULL,NULL,NULL,"2025-01-17",NULL,NULL,NULL,NULL
"7412f0bf-ec65-4ca9-aca1-cf8dd312372d","ddcded80-b128-46a9-a26d-6cf9f692614b",2,"2025-01-14 22:01:13.489597+00",NULL,NULL,"25f6c3a0-2a59-4535-bcd9-2200e9fbdd9c","2025-01-15",3,"generated","auto",""
"01cec6da-deae-4b32-bc03-9eff51ac61e2","7000ddf4-8208-4b00-99e9-2015bcd5650d",1,"2025-01-13 22:01:11.490977+00",NULL,NULL,"e9417d40-4119-4720-9986-a9f962fa198e","2025-01-14",3,"generated","auto",""
"4a831372-a063-4a0f-a1f4-b842ab76efc9","0c72df78-4ff2-4e98-ae06-1ff845dd09b0",1,"2025-01-15 22:01:29.096925+00",NULL,NULL,NULL,"2025-01-16",NULL,NULL,NULL,NULL
"049cf6ad-22c6-4e6f-9b48-5a7c18232eb5","9c36bc48-3917-448d-98b4-c336cdbac451",2,"2025-01-13 22:01:11.500715+00",NULL,NULL,"da332b8a-0a67-4a81-b03a-f243bace2277","2025-01-14",3,"generated","auto",""
"57db259c-3c60-4e3a-97c6-a1515d5a001a","405a83eb-d477-49c1-8081-cf54d15cf5ef",1,"2025-01-15 22:01:29.096925+00",NULL,NULL,NULL,"2025-01-16",NULL,NULL,NULL,NULL
"66000582-d96d-4edd-a335-a058968e80ac","0c72df78-4ff2-4e98-ae06-1ff845dd09b0",1,"2025-01-18 22:01:26.319278+00",NULL,NULL,NULL,"2025-01-19",NULL,NULL,NULL,NULL
"a8983eea-f799-4af7-a46e-eae791c451d8","405a83eb-d477-49c1-8081-cf54d15cf5ef",1,"2025-01-18 22:01:26.319278+00",NULL,NULL,NULL,"2025-01-19",NULL,NULL,NULL,NULL
"c2879eb8-a682-43c3-805b-6a67632574ea","7000ddf4-8208-4b00-99e9-2015bcd5650d",1,"2025-01-17 22:01:33.842393+00",NULL,NULL,"e9417d40-4119-4720-9986-a9f962fa198e","2025-01-18",3,"generated","auto",""
"59769a74-4363-4b98-8f93-799ba17b6c1f","7000ddf4-8208-4b00-99e9-2015bcd5650d",1,"2025-01-15 22:01:29.107837+00",NULL,NULL,"e9417d40-4119-4720-9986-a9f962fa198e","2025-01-16",3,"generated","auto",""
"d71efd1c-78b7-433e-9d1a-b9b7d8b8af1b","7000ddf4-8208-4b00-99e9-2015bcd5650d",1,"2025-01-16 22:01:41.721021+00",NULL,NULL,"e9417d40-4119-4720-9986-a9f962fa198e","2025-01-17",3,"generated","auto",""
"4cf3ebd1-b826-4b90-a4a9-17ba466e23ff","9c36bc48-3917-448d-98b4-c336cdbac451",2,"2025-01-16 22:01:41.796309+00",NULL,NULL,"da332b8a-0a67-4a81-b03a-f243bace2277","2025-01-17",3,"generated","auto",""
"abaf3afc-f4ed-4cb7-b768-09fbf53c2132","9c36bc48-3917-448d-98b4-c336cdbac451",2,"2025-01-17 21:56:44.039443+00",NULL,NULL,"da332b8a-0a67-4a81-b03a-f243bace2277","2025-01-18",3,"generated","auto",""
"25feb71b-b624-40c5-85f2-3eb9aaf27444","3d5ac3aa-8479-465e-89d3-b1990bb94094",2,"2025-01-19 22:01:43.642884+00",NULL,NULL,"217b8807-d065-4ba0-9da3-b2969929a311","2025-01-20",3,"generated","auto",""
"edfb26d4-3570-4e33-8a95-477856c8436a","0c72df78-4ff2-4e98-ae06-1ff845dd09b0",1,"2025-01-20 22:01:34.798289+00",NULL,NULL,NULL,"2025-01-21",NULL,NULL,NULL,NULL
"757a888b-89fe-4ddb-8c17-5a6609427093","7000ddf4-8208-4b00-99e9-2015bcd5650d",1,"2025-01-19 22:01:43.668219+00",NULL,NULL,"e9417d40-4119-4720-9986-a9f962fa198e","2025-01-20",3,"generated","auto",""
"0671a530-2806-4e24-9676-8c610405018a","ddcded80-b128-46a9-a26d-6cf9f692614b",2,"2025-01-18 22:01:26.319278+00",NULL,NULL,"25f6c3a0-2a59-4535-bcd9-2200e9fbdd9c","2025-01-19",3,"generated","auto",""
"11797c3f-8ed3-4bf1-888a-acf4c6f55e2e","7000ddf4-8208-4b00-99e9-2015bcd5650d",1,"2025-01-18 22:01:26.291197+00",NULL,NULL,"e9417d40-4119-4720-9986-a9f962fa198e","2025-01-19",3,"generated","auto",""
"9caac38f-7cbc-49ca-8d54-f5d73f8630cd","3d5ac3aa-8479-465e-89d3-b1990bb94094",2,"2025-01-17 22:01:33.814761+00",NULL,NULL,"217b8807-d065-4ba0-9da3-b2969929a311","2025-01-18",3,"generated","auto",""
"6f5b6c2a-a15f-49ee-b15a-f13bda467268","9c36bc48-3917-448d-98b4-c336cdbac451",2,"2025-01-18 22:01:26.319278+00",NULL,NULL,"da332b8a-0a67-4a81-b03a-f243bace2277","2025-01-19",3,"generated","auto",""
"eee8b60a-4d66-4ac2-9db0-672da23cec87","9c36bc48-3917-448d-98b4-c336cdbac451",2,"2025-01-19 22:01:43.669871+00",NULL,NULL,"da332b8a-0a67-4a81-b03a-f243bace2277","2025-01-20",3,"generated","auto",""
"1d315a24-5a9b-42ae-b33e-993271b906e3","0c72df78-4ff2-4e98-ae06-1ff845dd09b0",1,"2025-01-19 22:01:43.669871+00",NULL,NULL,NULL,"2025-01-20",NULL,NULL,NULL,NULL
"4abf0e61-4ffc-4d25-bf3f-416d278efbdc","405a83eb-d477-49c1-8081-cf54d15cf5ef",1,"2025-01-19 22:01:43.669871+00",NULL,NULL,NULL,"2025-01-20",NULL,NULL,NULL,NULL
"34093f78-a0ab-4f09-95ec-fc61a4741a8e","ddcded80-b128-46a9-a26d-6cf9f692614b",1,"2025-01-20 22:01:34.798289+00",NULL,NULL,NULL,"2025-01-21",NULL,NULL,NULL,NULL
"ba976d5d-e676-43ec-b2a4-f4572a328b2a","405a83eb-d477-49c1-8081-cf54d15cf5ef",1,"2025-01-20 22:01:34.798289+00",NULL,NULL,NULL,"2025-01-21",NULL,NULL,NULL,NULL
"3ebfe99d-9d92-47db-99e3-709ac375d69d","9c36bc48-3917-448d-98b4-c336cdbac451",2,"2025-01-20 22:01:34.798289+00",NULL,NULL,"da332b8a-0a67-4a81-b03a-f243bace2277","2025-01-21",3,"generated","auto",""
"033b39e1-a64c-4ace-aaed-15f2541a8d8a","0c72df78-4ff2-4e98-ae06-1ff845dd09b0",1,"2025-01-21 22:01:12.423365+00",NULL,NULL,NULL,"2025-01-22",NULL,NULL,NULL,NULL
"78e9144c-4c0e-4fc9-a26d-6e0ac0abe200","7000ddf4-8208-4b00-99e9-2015bcd5650d",1,"2025-01-20 22:01:34.813972+00",NULL,NULL,"e9417d40-4119-4720-9986-a9f962fa198e","2025-01-21",3,"generated","auto",""
"167d6105-aac2-4538-9f65-67b2f427266e","3d5ac3aa-8479-465e-89d3-b1990bb94094",2,"2025-01-20 22:01:34.782315+00",NULL,NULL,"217b8807-d065-4ba0-9da3-b2969929a311","2025-01-21",3,"generated","auto",""
"185ae710-a4f2-4af5-b5e3-155ef65d6bea","405a83eb-d477-49c1-8081-cf54d15cf5ef",1,"2025-01-21 22:01:12.423365+00",NULL,NULL,NULL,"2025-01-22",NULL,NULL,NULL,NULL
"5ee4a052-5017-4b99-a0ac-e1f40fd65095","3d5ac3aa-8479-465e-89d3-b1990bb94094",2,"2025-01-21 22:01:12.342128+00",NULL,NULL,"217b8807-d065-4ba0-9da3-b2969929a311","2025-01-22",3,"generated","auto",""
"02e6bd11-8dbe-441c-837d-a4fe266f8c5b","ddcded80-b128-46a9-a26d-6cf9f692614b",2,"2025-01-21 22:01:12.423365+00",NULL,NULL,"d091958c-8e4c-4940-8dd7-598dd0c67f7e","2025-01-22",3,"generated","auto",""
"8d5a579e-8dea-4a33-b82f-2caa530758fd","7000ddf4-8208-4b00-99e9-2015bcd5650d",1,"2025-01-21 22:01:12.367083+00",NULL,NULL,"e9417d40-4119-4720-9986-a9f962fa198e","2025-01-22",3,"generated","auto",""
"db2dde73-71d2-430e-9ace-a525f1f909ff","9c36bc48-3917-448d-98b4-c336cdbac451",2,"2025-01-21 22:01:12.423365+00",NULL,NULL,"da332b8a-0a67-4a81-b03a-f243bace2277","2025-01-22",3,"generated","auto",""
"f6c2377b-6426-49e0-b4f3-4334d50f24f8","0c72df78-4ff2-4e98-ae06-1ff845dd09b0",1,"2025-01-22 22:02:02.318394+00",NULL,NULL,NULL,"2025-01-23",NULL,NULL,NULL,NULL
"b8efcf76-4d5f-443c-a838-b8997b625776","405a83eb-d477-49c1-8081-cf54d15cf5ef",1,"2025-01-22 22:02:02.318394+00",NULL,NULL,NULL,"2025-01-23",NULL,NULL,NULL,NULL
"1c5f1390-aff8-417a-8309-97ac31759275","0c72df78-4ff2-4e98-ae06-1ff845dd09b0",1,"2025-01-29 22:01:46.588018+00",NULL,NULL,NULL,"2025-01-30",NULL,NULL,NULL,NULL
"cbb74c42-d0f5-40e1-a034-663b0724ce72","3d5ac3aa-8479-465e-89d3-b1990bb94094",2,"2025-01-25 22:01:43.005478+00",NULL,NULL,"217b8807-d065-4ba0-9da3-b2969929a311","2025-01-26",3,"generated","auto",""
"05d85f2b-e24a-4cf8-b8e1-402d6f65864d","7000ddf4-8208-4b00-99e9-2015bcd5650d",1,"2025-01-28 22:01:07.541977+00",NULL,NULL,"e9417d40-4119-4720-9986-a9f962fa198e","2025-01-29",3,"generated","auto",""
"7a42da6e-e7cb-4a1b-8d84-8f41bc596c73","405a83eb-d477-49c1-8081-cf54d15cf5ef",1,"2025-01-29 22:01:46.588018+00",NULL,NULL,NULL,"2025-01-30",NULL,NULL,NULL,NULL
"db912aa3-2518-48ef-9e0c-099c0b567a59","7000ddf4-8208-4b00-99e9-2015bcd5650d",1,"2025-01-22 22:02:02.322215+00",NULL,NULL,"e9417d40-4119-4720-9986-a9f962fa198e","2025-01-23",3,"generated","auto",""
"39893244-37b9-4dc6-b568-d203d6e42775","3d5ac3aa-8479-465e-89d3-b1990bb94094",2,"2025-01-24 22:01:24.157668+00",NULL,NULL,"217b8807-d065-4ba0-9da3-b2969929a311","2025-01-25",3,"generated","auto",""
"4d03f003-7127-4440-958e-c08175183470","9c36bc48-3917-448d-98b4-c336cdbac451",2,"2025-01-22 22:02:02.318394+00",NULL,NULL,"da332b8a-0a67-4a81-b03a-f243bace2277","2025-01-23",3,"generated","auto",""
"e37fc76c-c57c-404d-914c-b27fa20ee926","9c36bc48-3917-448d-98b4-c336cdbac451",2,"2025-01-28 22:01:07.615684+00",NULL,NULL,"da332b8a-0a67-4a81-b03a-f243bace2277","2025-01-29",3,"generated","auto",""
"61d36d84-13b4-496b-9fb9-47d1d18da7f4","ddcded80-b128-46a9-a26d-6cf9f692614b",2,"2025-01-25 22:01:43.104998+00",NULL,NULL,"f1354a8b-5269-46f2-88af-dfd25782d329","2025-01-26",3,"generated","auto",""
"449dc9bb-eb0a-4ef2-8182-c8015c38aec1","3d5ac3aa-8479-465e-89d3-b1990bb94094",2,"2025-01-22 22:02:02.299387+00",NULL,NULL,"217b8807-d065-4ba0-9da3-b2969929a311","2025-01-23",3,"generated","auto",""
"eedecd9d-e204-4543-90f3-aeae948a167d","7000ddf4-8208-4b00-99e9-2015bcd5650d",1,"2025-01-27 22:01:51.092492+00",NULL,NULL,"e9417d40-4119-4720-9986-a9f962fa198e","2025-01-28",3,"generated","auto",""
"cae36d2f-65eb-4cd9-993b-c40d70addb8c","0c72df78-4ff2-4e98-ae06-1ff845dd09b0",1,"2025-01-26 22:01:03.41483+00",NULL,NULL,NULL,"2025-01-27",NULL,NULL,NULL,NULL
"c18393f2-4876-48c8-94ad-a0492d926354","405a83eb-d477-49c1-8081-cf54d15cf5ef",1,"2025-01-26 22:01:03.41483+00",NULL,NULL,NULL,"2025-01-27",NULL,NULL,NULL,NULL
"6d66b1cd-6ddd-4c33-baf0-f7b5ef547afb","ddcded80-b128-46a9-a26d-6cf9f692614b",2,"2025-01-22 22:02:02.318394+00",NULL,NULL,"25f6c3a0-2a59-4535-bcd9-2200e9fbdd9c","2025-01-23",3,"generated","auto",""
"5932d6cd-d319-497d-ad5a-59661d99d360","9c36bc48-3917-448d-98b4-c336cdbac451",2,"2025-01-24 22:01:24.308051+00",NULL,NULL,"f1354a8b-5269-46f2-88af-dfd25782d329","2025-01-25",3,"generated","auto",""
"9208f241-76d9-4a20-8248-5d9be029cee5","0c72df78-4ff2-4e98-ae06-1ff845dd09b0",1,"2025-01-23 22:01:26.518386+00",NULL,NULL,NULL,"2025-01-24",NULL,NULL,NULL,NULL
"aa93a242-b291-48a1-9cd4-c9c6b58a712a","405a83eb-d477-49c1-8081-cf54d15cf5ef",1,"2025-01-23 22:01:26.518386+00",NULL,NULL,NULL,"2025-01-24",NULL,NULL,NULL,NULL
"1f8ca962-a5d9-4996-b305-95574ddb4588","9c36bc48-3917-448d-98b4-c336cdbac451",2,"2025-01-27 22:01:51.066211+00",NULL,NULL,"da332b8a-0a67-4a81-b03a-f243bace2277","2025-01-28",3,"generated","auto",""
"c78e3479-8d7f-45e5-8460-a17072b9c845","7000ddf4-8208-4b00-99e9-2015bcd5650d",1,"2025-01-30 22:01:45.408366+00",NULL,NULL,"e9417d40-4119-4720-9986-a9f962fa198e","2025-01-31",3,"generated","auto",""
"2905d03f-eb08-4a32-b96f-0521e39086de","7000ddf4-8208-4b00-99e9-2015bcd5650d",1,"2025-01-23 22:01:26.420365+00",NULL,NULL,"e9417d40-4119-4720-9986-a9f962fa198e","2025-01-24",3,"generated","auto",""
"66b52c1a-600e-419c-9663-ea08f4cda66e","ddcded80-b128-46a9-a26d-6cf9f692614b",2,"2025-01-24 22:01:24.308051+00",NULL,NULL,"f1354a8b-5269-46f2-88af-dfd25782d329","2025-01-25",3,"generated","auto",""
"5cee3bc9-798f-48d2-85fa-a86524b1e61c","9c36bc48-3917-448d-98b4-c336cdbac451",2,"2025-01-23 22:01:26.518386+00",NULL,NULL,"da332b8a-0a67-4a81-b03a-f243bace2277","2025-01-24",3,"generated","auto",""
"cd0dfbcf-c66f-4e54-b4b0-94e46c1f0f3e","0c72df78-4ff2-4e98-ae06-1ff845dd09b0",1,"2025-01-25 22:01:43.104998+00",NULL,NULL,NULL,"2025-01-26",NULL,NULL,NULL,NULL
"cc89e717-541c-4d84-83f1-9befa9fe0aed","3d5ac3aa-8479-465e-89d3-b1990bb94094",2,"2025-01-23 22:01:26.373611+00",NULL,NULL,"217b8807-d065-4ba0-9da3-b2969929a311","2025-01-24",3,"generated","auto",""
"a7433d0e-d478-49cf-a19a-9e458d82c814","405a83eb-d477-49c1-8081-cf54d15cf5ef",1,"2025-01-25 22:01:43.104998+00",NULL,NULL,NULL,"2025-01-26",NULL,NULL,NULL,NULL
"8b4be948-7e0b-48d6-9d5e-238edd0e1b42","7000ddf4-8208-4b00-99e9-2015bcd5650d",1,"2025-01-26 22:01:03.334352+00",NULL,NULL,"e9417d40-4119-4720-9986-a9f962fa198e","2025-01-27",3,"generated","auto",""
"3a3530d7-bf15-44d4-8b68-1260de926e17","ddcded80-b128-46a9-a26d-6cf9f692614b",2,"2025-01-23 22:01:26.518386+00",NULL,NULL,"f1354a8b-5269-46f2-88af-dfd25782d329","2025-01-24",3,"generated","auto",""
"462c4154-eaef-4a13-8961-157ccea40570","9c36bc48-3917-448d-98b4-c336cdbac451",2,"2025-01-30 22:01:45.387798+00",NULL,NULL,"da332b8a-0a67-4a81-b03a-f243bace2277","2025-01-31",3,"generated","auto",""
"d15d5524-2bb1-4228-bc3b-3d47b0792cc9","0c72df78-4ff2-4e98-ae06-1ff845dd09b0",1,"2025-01-24 22:01:24.308051+00",NULL,NULL,NULL,"2025-01-25",NULL,NULL,NULL,NULL
"afb5059c-b0ab-4e2b-b2be-fa854fe34426","405a83eb-d477-49c1-8081-cf54d15cf5ef",1,"2025-01-24 22:01:24.308051+00",NULL,NULL,NULL,"2025-01-25",NULL,NULL,NULL,NULL
"253b7446-d518-4b30-8454-000fc4768d62","9c36bc48-3917-448d-98b4-c336cdbac451",2,"2025-01-26 22:01:03.41483+00",NULL,NULL,"da332b8a-0a67-4a81-b03a-f243bace2277","2025-01-27",3,"generated","auto",""
"1272143a-760b-4e8b-901e-3051b5f39853","3d5ac3aa-8479-465e-89d3-b1990bb94094",2,"2025-01-28 22:01:07.5142+00",NULL,NULL,"217b8807-d065-4ba0-9da3-b2969929a311","2025-01-29",3,"generated","auto",""
"19045553-068c-4d22-9892-ecff1f492bf2","3d5ac3aa-8479-465e-89d3-b1990bb94094",2,"2025-01-27 22:01:51.065597+00",NULL,NULL,"5244b428-eaf8-412e-b286-d8359b23a31d","2025-01-28",3,"generated","auto",""
"24feee14-4873-44bf-a602-d37fe4a5c7a5","ddcded80-b128-46a9-a26d-6cf9f692614b",2,"2025-01-29 22:01:46.588018+00",NULL,NULL,"d091958c-8e4c-4940-8dd7-598dd0c67f7e","2025-01-30",3,"generated","auto",""
"1c65b2e5-dc47-4d91-922e-0d5400dec90c","7000ddf4-8208-4b00-99e9-2015bcd5650d",1,"2025-01-24 22:01:24.182608+00",NULL,NULL,"e9417d40-4119-4720-9986-a9f962fa198e","2025-01-25",3,"generated","auto",""
"531f4d3e-ceae-497f-a6cb-583f760182f1","7000ddf4-8208-4b00-99e9-2015bcd5650d",1,"2025-01-29 22:01:46.531417+00",NULL,NULL,"e9417d40-4119-4720-9986-a9f962fa198e","2025-01-30",3,"generated","auto",""
"b9873e8c-de37-4c93-91b3-3f237eab18b9","3d5ac3aa-8479-465e-89d3-b1990bb94094",2,"2025-01-26 22:01:03.307837+00",NULL,NULL,"217b8807-d065-4ba0-9da3-b2969929a311","2025-01-27",3,"generated","auto",""
"34002128-1d50-4dd0-9b6c-d472a6b0e9ee","7000ddf4-8208-4b00-99e9-2015bcd5650d",1,"2025-01-25 22:01:43.030769+00",NULL,NULL,"e9417d40-4119-4720-9986-a9f962fa198e","2025-01-26",3,"generated","auto",""
"391d96f4-c7f1-4a08-b20f-fe9790fe4ada","9c36bc48-3917-448d-98b4-c336cdbac451",2,"2025-01-29 22:01:46.588018+00",NULL,NULL,"da332b8a-0a67-4a81-b03a-f243bace2277","2025-01-30",3,"generated","auto",""
"b4a9b911-14d7-45a3-b0eb-aa0493a0d335","9c36bc48-3917-448d-98b4-c336cdbac451",2,"2025-01-25 22:01:43.104998+00",NULL,NULL,"da332b8a-0a67-4a81-b03a-f243bace2277","2025-01-26",3,"generated","auto",""
"8edd4b44-1d36-47e4-98d1-0f339a21cbcc","ddcded80-b128-46a9-a26d-6cf9f692614b",2,"2025-01-27 22:01:51.066211+00",NULL,NULL,"d091958c-8e4c-4940-8dd7-598dd0c67f7e","2025-01-28",3,"generated","auto",""
"45c20486-bc90-49d8-a2be-4e5a05f3f57a","0c72df78-4ff2-4e98-ae06-1ff845dd09b0",1,"2025-01-30 22:01:45.387798+00",NULL,NULL,NULL,"2025-01-31",NULL,NULL,NULL,NULL
"ddc25d5a-d5ec-493e-b2dc-b0b71a572a8d","ddcded80-b128-46a9-a26d-6cf9f692614b",2,"2025-01-26 22:01:03.41483+00",NULL,NULL,"25f6c3a0-2a59-4535-bcd9-2200e9fbdd9c","2025-01-27",3,"generated","auto",""
"05e9d571-d949-4e60-960d-697970f29901","0c72df78-4ff2-4e98-ae06-1ff845dd09b0",1,"2025-01-27 22:01:51.066211+00",NULL,NULL,NULL,"2025-01-28",NULL,NULL,NULL,NULL
"b7d37e66-5b5f-4620-9a3a-743e99171e28","405a83eb-d477-49c1-8081-cf54d15cf5ef",1,"2025-01-27 22:01:51.066211+00",NULL,NULL,NULL,"2025-01-28",NULL,NULL,NULL,NULL
"c24bd94f-d426-4e1b-95af-9b0c700ce401","0c72df78-4ff2-4e98-ae06-1ff845dd09b0",1,"2025-01-28 22:01:07.615684+00",NULL,NULL,NULL,"2025-01-29",NULL,NULL,NULL,NULL
"51de908a-58ae-4bf4-b157-a61a9f9d114b","405a83eb-d477-49c1-8081-cf54d15cf5ef",1,"2025-01-28 22:01:07.615684+00",NULL,NULL,NULL,"2025-01-29",NULL,NULL,NULL,NULL
"f48fd421-7f29-4f77-bdc4-0497681ae280","405a83eb-d477-49c1-8081-cf54d15cf5ef",1,"2025-01-30 22:01:45.387798+00",NULL,NULL,NULL,"2025-01-31",NULL,NULL,NULL,NULL
"963cb702-331b-49fb-acb8-77ceb22ae787","ddcded80-b128-46a9-a26d-6cf9f692614b",2,"2025-01-28 22:01:07.615684+00",NULL,NULL,"25f6c3a0-2a59-4535-bcd9-2200e9fbdd9c","2025-01-29",3,"generated","auto",""
"8c80d9ab-8713-4dcb-82e6-61cb1f8d9e97","3d5ac3aa-8479-465e-89d3-b1990bb94094",2,"2025-01-29 22:01:46.507387+00",NULL,NULL,"286b01b3-0f42-478c-8be2-2ee41269f60d","2025-01-30",3,"generated","auto",""
"24cbfcaf-9744-43d5-bfc8-3d2a32ec2db5","ddcded80-b128-46a9-a26d-6cf9f692614b",2,"2025-01-30 22:01:45.387798+00",NULL,NULL,"25f6c3a0-2a59-4535-bcd9-2200e9fbdd9c","2025-01-31",3,"generated","auto",""
"088f3847-2ebd-4f26-9b88-9d0dcfedb161","3d5ac3aa-8479-465e-89d3-b1990bb94094",2,"2025-01-30 22:01:45.38189+00",NULL,NULL,"286b01b3-0f42-478c-8be2-2ee41269f60d","2025-01-31",3,"generated","auto",""
